chrom	start	end	score	strand	sequence
NC_008062.1	9607	9646	0.6279	+	CATGGGTCCAGGATGCACTGACGCCGCTATGGTCGACCTG
NC_008062.1	10293	10332	0.60288	-	CTCGTCGCGCTCGCCGGCATCGGCTATTACATTCCGAACA
NC_008062.1	15006	15045	0.60292	-	CCGTCGCAGTTCGCGAACCTGCCGACCTACGATTCGAACA
NC_008062.1	23121	23160	0.65451	-	CGTCGTCGAACGACCAACGAGACCCGATAGCTTCCGGGCA
NC_008062.1	23809	23848	0.63353	+	CCAATCGTGGAACGCGCGATCGCGCAATACGCTGTGCTCA
NC_008062.1	27949	27988	0.64836	+	ACGCATCGAATCGATTGATTCCGATTTTAAAATTAACTCG
NC_008062.1	27965	28004	0.61406	-	CGATAAAATGATTTATCGAGTTAATTTTAAAATCGGAATC
NC_008062.1	28019	28058	0.6951	+	ACAGCTTCCACGTTTAACCAAACGGGATAATCTGCATTCG
NC_008062.1	31737	31776	0.62418	+	TATTTGTACTCGCCAACGGGTCGATGCTAGTTTTCTGTCG
NC_008062.1	33024	33063	0.67042	-	GCCGCGAGCCCGGGCGCCAACAGCAGGTACGGTGTGTGCG
NC_008062.1	33279	33318	0.75929	+	TCGTCGCGATCTGTGTCGTGCTGGCGGTACGCTGGCCCCG
NC_008062.1	33523	33562	0.73197	-	TAGTCGGATGGCACGAACTGGTTCCGGTAGATTTCCGGCA
NC_008062.1	35608	35647	0.61438	-	GGCATGCGGATTCCTCGGAACATGCCCTAGGCTAATCCGG
NC_008062.1	35791	35830	0.61947	+	GGCGCTCGCGCGGCCGCTGATGCCCGTTACCGTGTTCGTG
NC_008062.1	37046	37085	0.75279	+	CATCCCGGCCGCGCAGTTCGTCGCGGGTACGCTGGCCGCG
NC_008062.1	37548	37587	0.63128	+	TTCATCTGCGACATCGTGCGCGACGGCTACGGTTTCAACG
NC_008062.1	39893	39932	0.61361	-	GCGTTGCAACGTCGACGTGAAGCCGGGCACGATGGCGACG
NC_008062.1	40862	40901	0.75604	+	CGTATTCGTCCGTATCGTGGAAACGGGTAGCCTGACGGCG
NC_008062.1	42760	42799	0.66502	+	CAATCGGACTTCTTGGACTTCGGTGCATACACTAACGGCA
NC_008062.1	42781	42820	0.62586	-	GTCGTTGACGCGGCCGGCACCTGCCGTTAGTGTATGCACC
NC_008062.1	43429	43468	0.61179	+	CCCGGCCAGTCGGCGCTCTTCACGTGGAAAAATGCCCGCA
NC_008062.1	44274	44313	0.67183	+	GCCATAGACCGGTCAAGCGGAACGTGGTACTTTTCCCGCA
NC_008062.1	45020	45059	0.69772	+	ACCGCGTTAGCTCGAACTGCGCAGCGGTAGCCTGGCAACG
NC_008062.1	46176	46215	0.70886	-	CGCCGCTCATGCCGACAATGCAATGAGTACAATGACGTCA
NC_008062.1	46194	46233	0.70321	+	TGCATTGTCGGCATGAGCGGCGGCTCCTATCGTGAGGCCA
NC_008062.1	48406	48445	0.63473	+	GGCCTCGTCTACTGCTCGATTTCGGCGTACGGTCACACTG
NC_008062.1	50159	50198	0.728	+	GCGACAGTGTCGGCGGGCGCGATCCGGTAGACTCGGCGGG
NC_008062.1	51265	51304	0.63684	+	GCCTGCCTCATCTTGCCGGCCGCGCGGTATCGTGGTCCGG
NC_008062.1	51392	51431	0.73958	+	GGTGGTGCCGATGCTTGGCGTCGGCGTTACGCTGGTTACG
NC_008062.1	51989	52028	0.63978	-	ATTGTGTGACGGCGGCAGCTTTTCCGCTATCGTCGGACGG
NC_008062.1	52161	52200	0.62482	-	GCGATGGCGAGTTAAGCGTGGCTCGGGGAATATTGCCGCA
NC_008062.1	52323	52362	0.68169	+	TTCGCCAGTGCGTGATAGGAGGACGGGTATGCTGCCTGCG
NC_008062.1	52359	52398	0.63493	+	TGCGCAGATCGTGCAGGCCGATTACCGTAGGCTCGACGCG
NC_008062.1	52832	52871	0.63734	-	GGGATCGCGGCGGCTGTTACGGAGACGTATCGTGATGCCG
NC_008062.1	55123	55162	0.68549	-	CGCATATCGGGTGGGCGGGGCGGCCGGTAGATTCGAACCG
NC_008062.1	56886	56925	0.64845	-	CGATTCCCACACGGCGACGTGGTCCGGTACGATATCGGGC
NC_008062.1	58835	58874	0.60979	-	TCGCGGAACAGCACCGCTTCCTGGTAGTAGCCTGCGCCCG
NC_008062.1	59336	59375	0.63315	-	ACGGCGGCGCGCGCGATGTCACGAGCGTAGATTTGCCCCA
NC_008062.1	59438	59477	0.75077	+	GGCTGCTGTCCGTACCGGACACCCGGATACGATCCCCCCA
NC_008062.1	59569	59608	0.73685	+	CCGTTCGGCGAGTCGCAATGCGCCGGTTACGTTGGCGCCG
NC_008062.1	60916	60955	0.61447	+	TGCGGATGCCGGAAATGCTTCGCAGTCTAGACTCGGGACG
NC_008062.1	62075	62114	0.60409	+	ATGATCGACACGGACGCCCGGCGTGGCTACGCTGTGCGGC
NC_008062.1	64068	64107	0.67219	-	CCCATTCTCTTACTCGCAGTCCCGCGATACCTTTCGGCCG
NC_008062.1	64878	64917	0.60237	-	CGTCGGCGTCGCCGCCGCTTGTATCGGTACGTTCTTGCTG
NC_008062.1	66020	66059	0.74062	+	CCCGCCGACGCCGCGCGCGTGCCCGGCTACGGTGAAGCCG
NC_008062.1	66296	66335	0.60794	+	CAAGGACAATCCGCGGCGGCGTGAAGATACGTTCGCGGCA
NC_008062.1	66670	66709	0.61875	-	CTCGCCGTTGCTGTTCGAGCTGATCGATACGCTGTGGCTG
NC_008062.1	67684	67723	0.62943	+	CGCTCGGCCAGTGCGGCGCTGAAACCATAGGCTGCGCACG
NC_008062.1	70081	70120	0.62688	+	GTCGCAGGTCCATGAGCATCCCTTGGGTACGGTTGTGCTG
NC_008062.1	71274	71313	0.71483	-	TCTATTTCGAAAAGATCGAGCCGTCGATATTCTCCTCACA
NC_008062.1	71283	71322	0.62576	+	AATATCGACGGCTCGATCTTTTCGAAATAGAATCAATCGA
NC_008062.1	72585	72624	0.66113	-	CCTGTGCTGGGGGCGCATGCCGCGCCATATGGTCGACGCG
NC_008062.1	72787	72826	0.61329	+	GTTGCCGTTCCCAGCCGGGCGGCGACCTATCCTGTCGGCG
NC_008062.1	80365	80404	0.64111	+	TGCAGCCGCGTGTTCACCTCGAGGAAATAGAATTGCCGCG
NC_008062.1	84282	84321	0.6613	+	ACGTCGGCGGATGCGCCGGGGCTGATCTACGATGCGATCA
NC_008062.1	85748	85787	0.72729	+	ACGCGCGACCGGCGCAGATCGACCCGGTACGGTCAGCTCA
NC_008062.1	85835	85874	0.60908	-	ATCATGATCTCCTGCAGTTTTCGTTGTTACGTTCTGATTG
NC_008062.1	85880	85919	0.6043	+	CCACGCCAGTACCCGGCTTGACGCTGATACCCTTCACGGA
NC_008062.1	88449	88488	0.61595	+	AGCGCCAAACCGGCTCCGAAGGTCGGCTACTGTTGATTCG
NC_008062.1	88709	88748	0.6005	+	ACCATGGAAAAAAGGTCGTCGAGTCCGTATGGTGCGCAGA
NC_008062.1	89695	89734	0.74625	-	ACTGGTCATCGTGCCGACGCTCGCAGCTAAACTGCAAGCA
NC_008062.1	89780	89819	0.69982	+	GAAGTGTCACTGATGACAACACCTCGATATCCTGCGATCG
NC_008062.1	90322	90361	0.62995	-	AGTTTTGGATGCAATTGACCGGACCGGTACATTCGCCGAG
NC_008062.1	90585	90624	0.64522	-	CGAGCAGACAAACGGCAGCGTGTACCCTAGACTCTTGCCG
NC_008062.1	90823	90862	0.71558	+	GTTCAGGGCGTGGCGTGCCGCGACGGATACGATTGGCACG
NC_008062.1	91019	91058	0.6337	-	GGCCAAGATACTCATCGAGCGAGGCTATAAAATCCCGCCG
NC_008062.1	91274	91313	0.66037	-	GAAATTGCTTCTGCATCGAGGCGAACGTACTCTGCACGCG
NC_008062.1	92652	92691	0.63091	+	CTGCACCAGGATCGTTTCCATGTTCCGTACGATGAAATCA
NC_008062.1	95350	95389	0.64861	-	GTGGCTCGCGACCACCGTCGCGTTGTTTACGATGGCGACG
NC_008062.1	95610	95649	0.67372	-	GCGATGCACATGCAGCCCGGCATTCGCTACGATGCCGCGC
NC_008062.1	97897	97936	0.62514	-	AGCCGGCCATTCGCGTGCGGGTTTCTATACGCTCCGCCCG
NC_008062.1	98357	98396	0.73631	-	GACCTGATCGCATCGCTTAGCCTGGCCTAAACTGCGATCA
NC_008062.1	98936	98975	0.67188	+	AAGCCCCTACACGCTTGCCTGCCGGGGTACGGTTTCCGCG
NC_008062.1	100707	100746	0.65261	+	GAGTTCGTCGGACAGGCCCCGGTGGGATACTTTCTGCCCG
NC_008062.1	100818	100857	0.61084	+	CGACGTCATCTGTGATCGCAGTTAGCGTATGATTGTAAAA
NC_008062.1	101020	101059	0.60828	-	GCCATCAGGATCGCGGCCCTGAGGGGATAGGTTTCTTCCG
NC_008062.1	101401	101440	0.63323	-	CAGCATTCGATCGGGCGCTGCATTAGATAGAATTTCATGT
NC_008062.1	101904	101943	0.60081	-	TCCCGTCAAAATTTGTTTGGTATAAGTTAATCTCGTTTGA
NC_008062.1	101931	101970	0.69535	+	AATTTTGACGGGAATTTATGTTCCTGATATGGTTTTTGCA
NC_008062.1	103038	103077	0.63905	-	TGAAGTGGATCGACGGCTGGCCGTCGTTACCCTTGTACTG
NC_008062.1	104375	104414	0.86222	-	CTGAGAGGATCGTCATTTCAATTGAGCTAAAATCGCATCA
NC_008062.1	104391	104430	0.6698	+	CAATTGAAATGACGATCCTCTCAGCCATAAAATCGACACA
NC_008062.1	104737	104776	0.61038	+	GGGCAGCCGCGCGACGCTCGCACTCGGTACGCTGCTCGCC
NC_008062.1	105313	105352	0.71847	+	GTGCGGCTGGCTCGGCGCGCGCCTGGGTATGGTGAGGACG
NC_008062.1	105419	105458	0.64094	+	AGCATGGTGCTGCTGCCGATTCTGGGTATGATGCTCAACG
NC_008062.1	107163	107202	0.61554	+	GGCGTCCGCCAACGTCGATTGCGCGTGTACGGTTATCCCG
NC_008062.1	107295	107334	0.64016	+	GTCGAGCTCGTTGAAGCCCTGGAAGGTTACGATCGCGATG
NC_008062.1	107677	107716	0.66437	+	TGTTCAAATAGTAGGCTGCGGCCCCGCTATTCTTCCGTCA
NC_008062.1	108588	108627	0.62858	+	TGCGTCGACGACGAGCACCGTCAGCGGTACGGTGACGGCC
NC_008062.1	110219	110258	0.61296	-	CGTCTCCGCCACCGGCGCATGGCTCGGTATCGTCGACTGG
NC_008062.1	111839	111878	0.73637	-	TGAATTGCAGTGTTCGTGACGACCCACTATGCTGCCGTCA
NC_008062.1	112108	112147	0.72322	+	ATTCTGCGAATCGAGCGGTTCAACGCATACACTGAAAGCA
NC_008062.1	112622	112661	0.6845	+	AATCGACCGCTCGGCAAACGATGCGCGTATGATGGGTTCA
NC_008062.1	113351	113390	0.61389	+	GCAAGCGCCGTCATGACGCGGCTCGGCTAGCTTTCCGTTG
NC_008062.1	115508	115547	0.6897	+	GAGCATGCGGTCGATATCGACCGCGGGTAGCATGAAGTCG
NC_008062.1	117233	117272	0.65997	-	CGAAAGCCAGTCAGGTCGTATCCGGGCTACCATCATTGCG
NC_008062.1	120525	120564	0.71881	+	CGCGCCCGCGGGCGCGCCGGCCTCGCGTACGCTGAAGACG
NC_008062.1	121389	121428	0.63796	-	CGTCCATTCCACGGCGAAGCCAGGCGGTAGTTTGCGCGCA
NC_008062.1	123241	123280	0.63781	-	GTCAGGAAGCTGTCGGTGCCGCTGCGGTAGCGTGCCTGCG
NC_008062.1	125621	125660	0.70255	+	CCTGCAGATCGAGCGCCCGCGCATGGATACGCTCCGGGCA
NC_008062.1	128387	128426	0.62547	-	CCTGTTCGACGGACGCCGGATGGCGGTAACCTGCGCCGCG
NC_008062.1	129955	129994	0.60826	-	AGCAGGCCCGCGAGCGCGAGCGCACGCCAGAATCGCTGCA
NC_008062.1	131723	131762	0.66532	-	GGACACGATCCGCAAGCTGTTCGCCGATACGCTCGAAGCG
NC_008062.1	136030	136069	0.6238	-	GCGGCGCTGTTCTCGTTTAACTCGGCGTACGGTGCGTGCG
NC_008062.1	136987	137026	0.60498	-	TCATGGAAAACTGTATGAATATACAGTATAGTACCCGTCG
NC_008062.1	136988	137027	0.67141	-	GTCATGGAAAACTGTATGAATATACAGTATAGTACCCGTC
NC_008062.1	138368	138407	0.61591	+	CCCGGCGGGATTCGACCGCATCCCGCGTAACGTGACGACA
NC_008062.1	139207	139246	0.62802	+	CGGTTTGCATTCGCATCAAACTGACTGTACGATCGTACAG
NC_008062.1	140765	140804	0.62738	-	ACGGGCGCGGACGACGGATCGGGCCGATACTGTCCCACCG
NC_008062.1	142654	142693	0.6202	-	GCGCATGCACAAAGTACGGTCACGCTGTACGGTGTCGTCG
NC_008062.1	143788	143827	0.62144	+	TTTTCGCATGTCGCCCGTTAATGCAAGTAAACTTGCATTA
NC_008062.1	143887	143926	0.69953	+	CCCGCCGTCAGCCCTCGACGCCGCGTGTAAAATCCGCTCA
NC_008062.1	144918	144957	0.68065	+	AACCCTTCGCGAGCCAGCCAGTTGAGGTAAGGTCCGGGCA
NC_008062.1	145184	145223	0.62805	+	GCGTCAGCCGCCCCGCCCCCAGCCTGCTAGACTGAAATTT
NC_008062.1	148109	148148	0.67907	-	GCCGGCGCGATCGGCGGCGGCGCCACCTACGATCCGACCA
NC_008062.1	151649	151688	0.63158	+	TGACGATTGCATTACCCTCGTGCCCGTTATCCTTTTGTTA
NC_008062.1	151794	151833	0.61012	+	AAGAACCGATTCCAGCCGCGCCGGGGCTAGTTTGCAGGCA
NC_008062.1	153269	153308	0.62837	-	GAACCGCGCGGCGACCTCGTCGGCCGATAGCGTCGTGCCG
NC_008062.1	155801	155840	0.67613	+	TCCTCGCGCCAGGGTAGTCGGTCGCACTACGATCGCCGCA
NC_008062.1	160316	160355	0.65288	+	GGCGTCCTTCGCCGCGCCCTTCACCGATACGGTATTCGCG
NC_008062.1	160603	160642	0.66096	-	TCATTGGAAGGTTATCGGACTTGTTTCTAGACTGATGCGG
NC_008062.1	162269	162308	0.65262	+	TCTCCTTGAGACGGATGGATTCGCCGGTAGCGTGAGACCA
NC_008062.1	165368	165407	0.62474	+	CCTCGAGTTCGGCACGCTGATCGGCTATACGCTCGGCGCG
NC_008062.1	165984	166023	0.69525	+	CCCGCGCTGTTCCCGACGCGGATACGCTACGGTGCGCTCG
NC_008062.1	167352	167391	0.65749	+	ACATCGGCAGCACGTTGCTGCCGGCGGTATCCTGCTCCGA
NC_008062.1	168408	168447	0.73476	-	AGAATGATATGTAACCATGCTTCAAGATAAAATCGTTTCC
NC_008062.1	168504	168543	0.68654	-	ATATTAATTTACAAAATCACTACTCGATAATATTGGTGTA
NC_008062.1	168549	168588	0.75493	-	TTTACGAGAATTTATCAACCATTTTGGTATGCTCGATTCG
NC_008062.1	168753	168792	0.60461	+	TAATCCGGGAACGAGTGTTTATTAAAATATACTAAACGGA
NC_008062.1	172239	172278	0.63326	+	CGACGGCGCGCCGTACGTGATCGCCGATACGCTCGACCGG
NC_008062.1	175998	176037	0.65429	+	CACGCTCACGGCGGGCAAGCGGATCGATACGCTCGACACG
NC_008062.1	186145	186184	0.66666	-	GTCGCGCAGAAGCACGCGTCCCAGCGATACGCTTCGAGCG
NC_008062.1	187395	187434	0.60095	+	CCGGCCGAGCTGGCGTTCTATCGCGGTAAGCTGAAGAGCG
NC_008062.1	189753	189792	0.68953	-	GCCGTGTAGCCGTTCGCGTGCGCCGGATACAGTGCGCCGA
NC_008062.1	201943	201982	0.70404	-	GCGTTCGGCGGGGTAGCCGGGTCGGGGTACGCTGATGGCT
NC_008062.1	203289	203328	0.60557	-	GCAATTTGAACAATCAGACCGATTGAGTAAGATGCCCGAA
NC_008062.1	203885	203924	0.6153	-	CACAGTCGGTTGACACGGTCGTCGCGTACGCTGACGCGCA
NC_008062.1	207048	207087	0.77586	+	TTTCTTCATCATTTCGGTTGAAACCGCTATCATGTATGGA
NC_008062.1	207296	207335	0.67606	-	CAGGTCGCCCCGGTCTTCGGATCGCGATACTTTGCCTGCA
NC_008062.1	207779	207818	0.67077	+	CCCGTCCGGGCTCGCATGGCCCATCGATACGATTCGCTCG
NC_008062.1	208041	208080	0.60484	-	TTATCGCGCCAATGAATGAGCGTCGGTAAAGTTGCACCCG
NC_008062.1	208042	208081	0.64725	-	TTTATCGCGCCAATGAATGAGCGTCGGTAAAGTTGCACCC
NC_008062.1	209290	209329	0.76257	+	TCGTTTTCCCTGGTGAAGCACGATCGATAGGATTGTGCCA
NC_008062.1	209901	209940	0.62297	-	CGAAGCCCACCAGCAGGCACCCGAACGTACGATCGATCCA
NC_008062.1	210726	210765	0.61826	+	TGCCCTTCGCAGCCTAGCGGGTCGGCCTATAATCCGGAAA
NC_008062.1	210729	210768	0.68545	-	TCGTTTCCGGATTATAGGCCGACCCGCTAGGCTGCGAAGG
NC_008062.1	213279	213318	0.60523	+	ATGTGTTCCTTGTCAACATAGGGGCAATACGATGTCGTTG
NC_008062.1	213994	214033	0.61533	-	TGGCAGTACACATACCCATGGCCTCGATACGCTGCCGAGG
NC_008062.1	215645	215684	0.64955	-	AGCGTCGCAGCCCAGCAGGCCGGCCGCTACGATTTGCGCT
NC_008062.1	216477	216516	0.70919	-	CGACGCAAAGCTCAGGCAAGTTCGGGATACGCTCGGCGCG
NC_008062.1	216626	216665	0.66066	-	AAGGAGTCATCCATGCCGCAACCGAGCTACGATCTCGTCG
NC_008062.1	217401	217440	0.61826	-	GTGGGCCCGACGTGGGCGCCGAACTTCTACTATCGCTCCA
NC_008062.1	224584	224623	0.71233	+	GGGTGCTGAGCGAGGCGCGAGATGGGGTACGTTGATGCCG
NC_008062.1	224882	224921	0.60608	-	GCGATGCAGGTCAACAGTGTGCAGACCTATCATGCGGCCG
NC_008062.1	225618	225657	0.64928	+	GTCGTTTATAACCCGATCGCGGCTCGCTAGAGTGGTTTCC
NC_008062.1	229413	229452	0.60633	-	GAATGTTTATATCGAGACGCGCGGTGCTACCATCCGCACC
NC_008062.1	229438	229477	0.63365	+	TCGATATAAACATTCCGGCTGGATGGTATGATCCGCCGCA
NC_008062.1	238083	238122	0.65533	-	TTCGGCGCACTGCCCGACTGGCTGTCGTACATTCCGGCCA
NC_008062.1	239255	239294	0.76868	-	GTCTTGGACAGACTTAACCCGTTTCCCTAGACTGAACTCG
NC_008062.1	239460	239499	0.62341	+	GCCGTTTTTCCCGGATGCCGGCGTACCTATATTGGCTGTA
NC_008062.1	243063	243102	0.64359	-	TAGCCGGTCGCGGCGATCAGCACCACGTACAGTGCGGCCA
NC_008062.1	245841	245880	0.64897	+	GCGCAGCGGCGAATCGGCGTTCATCGATACGCTGGAAGTG
NC_008062.1	247056	247095	0.64105	-	GCCGCGCATTATTGAATCGAAATCAACTATGATTCGCGCG
NC_008062.1	248693	248732	0.60645	+	AGCGTCGGCAATGCGACCGGGTACGGATACTGTTCCCAGA
NC_008062.1	255874	255913	0.68798	+	GCCAGATTGGCGGCATGACGGCGCTGGTAAAATCGCCGCT
NC_008062.1	266541	266580	0.60131	-	GGTGCTCGAAGGCACACGGCTCGGCAGTACGGTGCGCGCG
NC_008062.1	268410	268449	0.67422	+	CCGGTTGATCCTATTTATCATGATAAATAGAATGAACCTG
NC_008062.1	274042	274081	0.74271	+	GCACTGGTGTTTTGCGGACATTCCGGCTATGTTCTGTGCG
NC_008062.1	275438	275477	0.80517	+	CGGGTAGACGCGATTTATTGATTGTTCTATACTCGCGTCA
NC_008062.1	277451	277490	0.60219	+	CCGATGCATTCCTGTGCACCCACCCGCTACCTTGAAGGAG
NC_008062.1	277731	277770	0.60439	-	CGGCGGTGATCGCGGGCGCGGCGCCGATACCCTGGCCGAA
NC_008062.1	278781	278820	0.6455	+	GTGTTCCGGCGCGGCCAGCTCGTGCAGTACGATCACCCCG
NC_008062.1	279362	279401	0.60505	+	GAAGCGGATCGATGCCGCGCGTTTTGGAAAAATGTCATCG
NC_008062.1	281338	281377	0.61786	-	CGCTCGCGCAGCGCTGGCGCAAGCCGCTAGTCTGCTTCGG
NC_008062.1	282000	282039	0.72684	+	TGCGCGGTCGCGCGTACGGCCGTCGGATAGCCTTCCGACA
NC_008062.1	283090	283129	0.68203	-	GCCTCCGTCGTTCGCGGGCACAGGCCTTAGAATGTCGCCG
NC_008062.1	283933	283972	0.65153	-	TTCTGCATCACGACGCCGCGCACTGCTATCATTCGCGCCA
NC_008062.1	283934	283973	0.68612	-	CTTCTGCATCACGACGCCGCGCACTGCTATCATTCGCGCC
NC_008062.1	284605	284644	0.63272	-	GCTCGGGTATCCGGCCGAAGTCGCGCGTACGCTCACCGGG
NC_008062.1	285092	285131	0.64885	+	CGGATCACTGCCGGCCGACGGTCGCCATACCATGCGCGCA
NC_008062.1	285531	285570	0.61014	-	GATTTGACACCTGACGCGGCCGCCGATTAAAGTCGCGACG
NC_008062.1	286294	286333	0.74666	-	CCCTGTCGTACCTGCATCGAAAGGCGATACACTGCGCGGG
NC_008062.1	288666	288705	0.61808	+	CCAGTCGAGCGGCCGCGCCGCACGGAATACGGTCATGGCA
NC_008062.1	289040	289079	0.68412	-	GCGTTGGCCTCGCGGACAAGCGCGGCTACTATCCCGCGCA
NC_008062.1	289041	289080	0.6418	-	CGCGTTGGCCTCGCGGACAAGCGCGGCTACTATCCCGCGC
NC_008062.1	293478	293517	0.60931	+	AACGAAGGGATTATCGGGCCTATTGGATAACATGAACGGC
NC_008062.1	294362	294401	0.61963	-	AAGGATTGATGATTCTTGGCAGGACAGTAGACTGCATCCG
NC_008062.1	298529	298568	0.62142	+	TCCATCGACGCTTTCTGCAGCATCCGATACGCTTCGTCCT
NC_008062.1	299020	299059	0.60027	-	GGCGGCGCTCGAGAAGCTGCGCCGCGTACTATGCACGGCG
NC_008062.1	300104	300143	0.64631	-	AACGTAAGAATGATTGGTGGGCTATCGTATTATTAAATCG
NC_008062.1	303875	303914	0.73278	+	GTCGTCGAACGGCGTCAGCATCACCGGTACGATCCCCTCG
NC_008062.1	303930	303969	0.60387	-	TTCATTGAAGCAAGGAGAAACCGATGCAACACTCGCAGCA
NC_008062.1	306404	306443	0.60508	-	CATTCGATCCTGTGAGAATGTAAGCGCTATCTTGATGCTG
NC_008062.1	306956	306995	0.6412	-	GCAAGGAGTTCGAACAGTTCGGGCGGGTACGCTTCGCCGA
NC_008062.1	308853	308892	0.6209	-	TGTTGAGTCGCGCGGCGAATGAGCGGATAATCTCCGCATG
NC_008062.1	308855	308894	0.63686	-	ATTGTTGAGTCGCGCGGCGAATGAGCGGATAATCTCCGCA
NC_008062.1	309901	309940	0.62139	+	CGATTTATTTGTCAAATAGATTGACCTAAGATTCATCTCA
NC_008062.1	311868	311907	0.67286	-	CACACGGACATTTGCGCGGCGATCGGCTAACGTTGCATCG
NC_008062.1	314961	315000	0.61237	-	GGGGATGTTTGTCTATCTATGAGTAGATAAATTGATGCGA
NC_008062.1	315028	315067	0.63528	-	GGATCTCGTTATCTATCGTGTAGTAGATAGATTATTGGCG
NC_008062.1	315675	315714	0.66944	-	GTGCTTGACTATCTATCTATGAGTAGATAAAGTTCGATCC
NC_008062.1	316438	316477	0.63239	+	AATATTTATTAGACTGATTAGTCGATCTATTATCTACGCG
NC_008062.1	321725	321764	0.61444	-	GGTTGGTCAGTCATGACCCGCTTGGCTACGATCGTCGTCG
NC_008062.1	321726	321765	0.70114	-	TGGTTGGTCAGTCATGACCCGCTTGGCTACGATCGTCGTC
NC_008062.1	322835	322874	0.61498	+	CCGTTCCCGAAATTCGCCGTGACCGGTAGCATCGCCTGCG
NC_008062.1	324274	324313	0.84065	-	TTCGTTCGGTCGCGGCCGCCAAATCGTTACAATGCAGCCG
NC_008062.1	328133	328172	0.69202	-	ACATGATGCTTCGTCTCCGTGAATCGGTATTCTGTCCGCG
NC_008062.1	328306	328345	0.72934	+	CCTCGCGGTCATCGCGAAACTGATCGGTACGCTGGCCGCG
NC_008062.1	333537	333576	0.66951	-	TGAATCGATTGATCAGTTTTTCTGAATTAAAATGAAGAAG
NC_008062.1	333569	333608	0.76589	-	GCGCTGGAGGCGAACAGTAAAACGGGATAAACTGAATCGA
NC_008062.1	339985	340024	0.63513	-	GTCGCGGCGCCGGCTGGCGAACGGCGGTAAGCTGCGCGCT
NC_008062.1	340324	340363	0.61262	+	TACGGTATTTACGCGTACGGTCTCGCGTACATTTCCGCCG
NC_008062.1	343346	343385	0.80293	-	GACAGAATGCACCGGCGTCAAACTCGGTACAATCAAAACA
NC_008062.1	343390	343429	0.758	-	TTGGCCGTGGAAGCTGGGTAATCCCGATACAATCGGGCGA
NC_008062.1	345165	345204	0.60256	+	CGGCATCGACCTGGCCGCGATCACCGATATCGTGATCACG
NC_008062.1	346709	346748	0.63424	+	CCTTGCGATACCAGTGCGGACACACCGTATGCTTCACGCG
NC_008062.1	353098	353137	0.61655	+	GAGCGTCGCCGTATCGGGCAGCGCCTCTAGGATCTCGACG
NC_008062.1	353662	353701	0.68954	+	TCCAAATCGCGCTTTCGAATGTCCTGATACATTGCGCGCG
NC_008062.1	353722	353761	0.60614	+	GTTCAGTGGAAATCGTTCAGGTGCGGATACTGTTCGAACA
NC_008062.1	361035	361074	0.60677	+	GACGTGTCATCCGGGTGACAAAAACGATAGTTTGCTATCG
NC_008062.1	364555	364594	0.6033	+	CGGCATCCATATCGGGCAGCCGGTCGATATCATCGTGATG
NC_008062.1	368149	368188	0.62686	+	GATGGTCGTCGTGCCGATGCCGATGCGTATGCTCGAGCCG
NC_008062.1	368429	368468	0.62619	+	CGCCGCGGCCGCGACCGGTAGCGCAGGTAGCGTCGCGCCG
NC_008062.1	370418	370457	0.66437	-	GAGTCAACCGCCTGTCGCGCGTACCGGTATACTTCCACTC
NC_008062.1	372122	372161	0.63338	-	GCCGGCCATCTGGCCTGGACTCGACGATACCGTCGGCGCA
NC_008062.1	372849	372888	0.71815	-	GCGATCGAGGAATTTCTCGCCGCGGGCTACGATGCGACGA
NC_008062.1	372951	372990	0.74126	-	TTTTTGGGGTAAGTAAACTGCCCGGTGTAAAATTTCTGTA
NC_008062.1	373670	373709	0.60708	+	CGGGCGCAGCCTGTTCGACGGCAACAGTACGCTGTGGGCG
NC_008062.1	376650	376689	0.60576	-	TCGATGCGATTGCGACGTGGGCTGCGGAAGAATCGCTTCA
NC_008062.1	377032	377071	0.60746	+	TTTCTGGACATTTCGGTAATAACTGCATATATTACGCAAA
NC_008062.1	377554	377593	0.67576	-	CCCTATTTCTTCAGCCCGTAGAATTTTTAAAATTTCTTCA
NC_008062.1	380208	380247	0.69479	+	GGCTTGCGCGGCATCGTGGTGTCCGGGTAAGGTTGCCTTA
NC_008062.1	380251	380290	0.61327	-	GACGTTGCTCCGTGGCGCGAAAAGGTATAAAGTCCGCTCT
NC_008062.1	380460	380499	0.61656	-	TTCCATTCGTTTTCCCCCATGGATGGGTACCTTCGTGGTG
NC_008062.1	380653	380692	0.60394	+	GCAACCTTCCGATTTCCCCATAAAAGGTAACCTGTCCGGA
NC_008062.1	380904	380943	0.66206	+	ATTGACGGTCGATTTCCCATAACCGGATACGTTCGCCCCA
NC_008062.1	381864	381903	0.60491	+	GAATCCCGGAAAAGCTCACCGATCGGATAAGGTACAGGTA
NC_008062.1	382527	382566	0.67725	+	TTGACGCCACAATTCTTGCGACACGGTTATGATGCACAGG
NC_008062.1	383097	383136	0.60321	-	GCGCTCACCACCCCTGCCTGCGTGTTGTACATTTTCAATA
NC_008062.1	384046	384085	0.64373	-	ACGATTAAACCTGAACCATCGTGTGAGTAAATTTCACGCG
NC_008062.1	384683	384722	0.65326	+	TGGTTCCGCGGCCTGGGGCTCGACGAGTACGATCGCGACG
NC_008062.1	385269	385308	0.62211	-	GAGCCTTGCCAGCCTTCGAACCGTTCGTAGAGTGGCTTCG
NC_008062.1	386901	386940	0.65523	+	TTGGTTCGGCCAGCGGTAGCCGCCTTTTAGAATCGGTTCG
NC_008062.1	389086	389125	0.64987	-	AGGCAATCCCGCGCGCTCGACTCGCCGTACGATGTGAGCG
NC_008062.1	390052	390091	0.70247	+	GCCGGTGTCCGGCGCACACGCGTTGCATACGCTGGCCGCG
NC_008062.1	391780	391819	0.62896	-	GCCCGGGCGCACCTTGTCGACGCCTTGTACGATCACGTGA
NC_008062.1	397608	397647	0.7087	-	TTCACGCAAGCGTCCGGTGTTTGCGCATAGAATGGCCGCG
NC_008062.1	398150	398189	0.73615	-	CGTATTTCCGGCCGGTAACGCGATCGTTACGATGCAATCA
NC_008062.1	398910	398949	0.65587	+	GCGTCGGCGTCGACGGCGACGGACGGATACGCTTGCGCGA
NC_008062.1	399376	399415	0.62642	-	TGCCTGCGCGGCCAAGCCAGCGCCCCTATACTGCTGCGCA
NC_008062.1	400765	400804	0.69873	+	CGACCCGCATGCTCTCGGCAAAACGCCTATAATGATTGGG
NC_008062.1	402280	402319	0.61566	+	TCGCGCGATTCCGGCAGTCGGCCGGCGTATCGTCCGCTCG
NC_008062.1	406041	406080	0.62475	-	CGATCCCGCGCTGTCCGCGGGCGGCTATACGCTCATCGCG
NC_008062.1	406172	406211	0.62045	+	CGGAATCTAGACGATTCGTCCGGTCAGTAAAATCGGATTA
NC_008062.1	407818	407857	0.64189	+	CTCGGGTCGGGCGGCGTGCTGCTCTACTACGATGCGCGCG
NC_008062.1	409383	409422	0.65037	+	GCGTCGCGAAGGCGTCGTGCTCGGCGATACGTTCCGGCCG
NC_008062.1	409721	409760	0.70074	+	TTCAATCGTTTTGCCCGTCGGCGCCGCTACATTAGCTTCA
NC_008062.1	410845	410884	0.61153	+	GAACGCATGTCGTTATCCGCTTTCAGGTACCATCCCGACC
NC_008062.1	417067	417106	0.76562	-	GCCCCGCGCGGAACCGCACGCCGGCGCTACGATGCATCCA
NC_008062.1	417879	417918	0.68115	+	GGGCTTGCGTGGACGGGGGCGGGTGCTTAGAATCACGCCT
NC_008062.1	418466	418505	0.60668	+	CCCGGCGAAAGCCGGATTAATACCGCATACGATCTACGGA
NC_008062.1	418824	418863	0.61146	+	CTACGTGCCAGCAGCCGCGGTAATACGTAGGGTGCGAGCG
NC_008062.1	418958	418997	0.65122	+	GGCAGGCTAGAGTATGGCAGAGGGGGGTAGAATTCCACGT
NC_008062.1	418959	418998	0.60071	+	GCAGGCTAGAGTATGGCAGAGGGGGGTAGAATTCCACGTG
NC_008062.1	419516	419555	0.65602	+	CCCTTATGGGTAGGGCTTCACACGTCATACAATGGTCGGA
NC_008062.1	419671	419710	0.62472	+	ATGCCGCGGTGAATACGTTCCCGGGTCTTGTACACACCGC
NC_008062.1	419721	419760	0.69593	+	ATGGGAGTGGGTTTTACCAGAAGTGGCTAGTCTAACCGCA
NC_008062.1	419742	419781	0.66512	-	TACCGTGGTGACCGTCCTCCTTGCGGTTAGACTAGCCACT
NC_008062.1	419867	419906	0.67032	+	AAGTTGAGCGCTCACGCTTATCGGCTGTAAATTAAAGACA
NC_008062.1	420271	420310	0.72039	-	AGTTCGAATCATCTTGAGATACATCGATACAATCACAACC
NC_008062.1	420921	420960	0.64166	+	TCGTAAGGGGTGACGGCGTACCTTTTGTATAATGGGTCAG
NC_008062.1	420973	421012	0.60728	-	GCTTTCGCTACGCCTGCCCTATACGGTTAAGCTTGCTACT
NC_008062.1	421549	421588	0.63205	-	CCTTCGCAGGCTTACGGAACGCTCTCCTACCATGCGAGCA
NC_008062.1	421947	421986	0.61756	-	TGTGTCGGTTTGCGGTACGGTCATCGTTAGACTGAAGCTT
NC_008062.1	422621	422660	0.61421	+	CCAAAGCGTAACGGAGGAGTACGAAGGTACGCTAGGTACG
NC_008062.1	422768	422807	0.62264	+	AAGGGCCATCGCTCAACGGATAAAAGGTACTCTGGGGATA
NC_008062.1	423416	423455	0.605	-	GGATGGGAAGGGGTGGGACCGACTCGCTATGGTCATCAGG
NC_008062.1	423468	423507	0.63412	-	ACACGGGAATCCGCACTATCATCGGCGTAGAGTCGTTTCA
NC_008062.1	423666	423705	0.66233	+	TCCCCGGAACGAAACCACGCGATTTGATACGATCGAACAG
NC_008062.1	424286	424325	0.63589	+	TTCACTAGCATCTTGGTGCGGCGTCGCTATAATTCGGGAT
NC_008062.1	424287	424326	0.63133	+	TCACTAGCATCTTGGTGCGGCGTCGCTATAATTCGGGATA
NC_008062.1	424617	424656	0.64311	+	GCTCTGGCGAAATCGTCGGTGCAGCGCTATGGTATGGACC
NC_008062.1	425045	425084	0.62486	+	GGTGCTCGATTTGAAAGCGGGCGCCGCTATCCTGTCCCAG
NC_008062.1	428773	428812	0.68774	-	GGCTTCGAAGTCGTCGCGTACCCGTATTACGATGCGGCCA
NC_008062.1	429001	429040	0.70612	-	TACCTGCCGATCGACGGGATCGCCGCCTACGATGCGGCCG
NC_008062.1	429333	429372	0.74595	-	TCACCGCCCCTGCCACCACGAATTCGCTACAATGTCAGGC
NC_008062.1	429433	429472	0.67445	+	ACAGCAGTTCGCGCGGCCGTGAAGCGCTAGAATGCTTTCT
NC_008062.1	431662	431701	0.78424	+	CCGTTTGTTCCGAAACAGGTTCGGTGCTAAACTCCACATG
NC_008062.1	435158	435197	0.65917	+	ATTTTTGCAAGCGAGGCAGTGTTGACCTAAAGTGGACTTG
NC_008062.1	436929	436968	0.70039	+	TCATTCGGTTTGATCGGTGACTGTCGATACGATGGAATGA
NC_008062.1	436962	437001	0.67452	-	TTTTTGTAAATGGGAATAGTTATCATTTAGAATTCATTCC
NC_008062.1	438114	438153	0.60627	-	GCTGTGGGTCAACCTGCCGCGCCGCGACAAGATGATCGCA
NC_008062.1	438470	438509	0.63756	+	CTTCGGTGGTGCGAAGCGCGGGGTAGGTACGATCAAGCGA
NC_008062.1	438547	438586	0.66358	+	AATAGCGTTATTTTTGAAACATAGCGCTATTATATTGGGC
NC_008062.1	438548	438587	0.61791	+	ATAGCGTTATTTTTGAAACATAGCGCTATTATATTGGGCG
NC_008062.1	439695	439734	0.6624	+	AACCTTGAATGCGTGCGCGGGCGGGCCTATATTGAAATCC
NC_008062.1	441939	441978	0.63081	-	CCCGGGTGCGACGTCGTTCTTTCAAGCTAACATGCAGGCT
NC_008062.1	446317	446356	0.71235	-	TCGCTGCAGCGGCGCCGGCCGACGCGTTACAATAGCGCGC
NC_008062.1	447289	447328	0.66079	+	AGCTGGAGTCCGGAAGGCGAGTTCAGTTAGGATTGTAGGG
NC_008062.1	447313	447352	0.6145	-	GGCTTTACGCTGTTACAACCGCGACCCTACAATCCTAACT
NC_008062.1	450142	450181	0.65081	+	GTGTTCCTGTTCGTGCCGATCGCCGTGTACGCTGTGATCG
NC_008062.1	451993	452032	0.6088	-	GCCGAATGTAATCCACCAACGCCCGCGTATACTCATCCGG
NC_008062.1	453423	453462	0.63182	-	GCCTCAAACATTCCCGCGCTCGACCGTTAAACTGCTTTCC
NC_008062.1	453779	453818	0.7411	-	GAGTGGCGGGCTGCCGCCAGAGTTTGCTATACTCTCGGTC
NC_008062.1	456121	456160	0.68808	-	GTAAACGACAATGATTCTCGTTTACGTTAGACTCCGCCGC
NC_008062.1	458115	458154	0.71775	-	GCCCTCGCGTGCGTTCCGGCACGCGCCTATGCTTGTCACA
NC_008062.1	458202	458241	0.71649	+	CGGGCGCCTGAGCGGAGGTCGGCCCGCTAGAGTGCCGCCG
NC_008062.1	458240	458279	0.78374	+	CGCGGTGTCATCGCGGGCCAGCGACGCTACAATCCGCCGA
NC_008062.1	460006	460045	0.77702	+	GACGTACGCGAAACGGTTGTCCGGCGATACGATCACCGCA
NC_008062.1	470010	470049	0.63945	+	GGATCGTCCTTGCGCAGCATGAACCCGTAGGCTTCCGACG
NC_008062.1	470891	470930	0.73215	+	CGGGTTGTCTAGACAAGTTCCGATGGCTACACTTCAATCC
NC_008062.1	470892	470931	0.60997	+	GGGTTGTCTAGACAAGTTCCGATGGCTACACTTCAATCCA
NC_008062.1	475335	475374	0.63198	+	GGGCGTGCACTGCGTCGCGCCGGCCGATACCGTGCTGCTG
NC_008062.1	479952	479991	0.6098	-	CGCAGGATGCGGTCGGCGGTGACGGCTACGATCGGTCGCG
NC_008062.1	484755	484794	0.68652	-	TAAGCGTCCAATACAGGATTTGTCCGGTACGATAGAGATC
NC_008062.1	484781	484820	0.61896	+	GTATTGGACGCTTATCGATCGCGCGCCTACGCTCTGCGGG
NC_008062.1	487040	487079	0.71228	+	GACGGCCCGCTCGGCGGGCTGCCGGGCTACGATGCGGTGA
NC_008062.1	490303	490342	0.6597	-	GCTGATCGAGCCGCTCGAGTCCGACGGTACGCTGGTGCGG
NC_008062.1	491308	491347	0.62999	+	GTCGGTTTGGGAATTCATGGGCGGGATTATAATGCGCCCC
NC_008062.1	495665	495704	0.61817	+	TCAACCGGCGGGGCCCGCCGAACGTTCTACAATGACTGCT
NC_008062.1	497757	497796	0.68927	+	GCTTTGGCGCATGCGGGCCGCGTGGTTTATCCTTTCCCCG
NC_008062.1	500075	500114	0.70292	-	GCGGACGTCCGTGCCGCGACGTCGCGCTAGAATGATCGTT
NC_008062.1	507755	507794	0.70709	-	ACCCGCGTTCGCACCCCATGCTCGCGGTAAGATGACGGCC
NC_008062.1	507850	507889	0.7188	+	AGTATTGACGTGAGTACTTCCTCACCCTATAATTTATTTC
NC_008062.1	509902	509941	0.76855	+	TAGGTGCCGCTGCCCGTGCCCGGCCGGTACGATCCGCGCG
NC_008062.1	510025	510064	0.73759	+	ACAGTTGAAACCGGCACTGTGTTTTTGTACAGTATCGGCA
NC_008062.1	510501	510540	0.6119	+	GCGCGAGATCCGCGAGCGCGTGCGCGATACGGTCGGCGTG
NC_008062.1	514086	514125	0.62869	+	TGCGCTTCGAACATCTTCATCACGCCGTACGGTGTGCACG
NC_008062.1	514603	514642	0.66595	-	CGCTGTCGGACGGCAGCAGGCGAACGGTATAATTACGTGC
NC_008062.1	517919	517958	0.85003	-	ATCGGTTTTCCATGTATTGCGCTGCGCTACAATCCTGCCA
NC_008062.1	525511	525550	0.65232	-	GTGCTTGACATCCGTGTTCTCTGCCCTAAAATAGGCCTCA
NC_008062.1	525512	525551	0.66603	-	AGTGCTTGACATCCGTGTTCTCTGCCCTAAAATAGGCCTC
NC_008062.1	526005	526044	0.6562	+	AATATTGCTCTTTTTTTCAGCTTTAACTACACTTGCGGAA
NC_008062.1	528209	528248	0.85049	-	GGCGTTCGCTTTTTTCACGATACGAGATACAATCGTTCCA
NC_008062.1	528296	528335	0.60889	+	GGCGTTGGTCTTGCCAGCCAAACGTCGGATAATGAGAGCC
NC_008062.1	531151	531190	0.66997	+	GCGCAGGCGGCGGCCCGCAGCCGCGGCTACGATCTGTCGG
NC_008062.1	532159	532198	0.65408	-	GTCTCTTGGGTCATCTGTCGCTCCGGGTATTCTGTGCAGG
NC_008062.1	537938	537977	0.61775	+	GCGACGACCGTGCCGCAGCTCTGGCAGTAGGCTTGCGCCG
NC_008062.1	538996	539035	0.60233	-	GTGTCGCCGCTCGCACGCGCATCGGATACGGTGCCGGGCA
NC_008062.1	541439	541478	0.6698	-	CGTCACCGGGCAAGTTTGCCGATCAGCTATAATTCCGCTT
NC_008062.1	544343	544382	0.60118	-	GGCCCGATCACGCGCGCAGTTTGCCATACAATGCGCACCA
NC_008062.1	544344	544383	0.64153	-	CGGCCCGATCACGCGCGCAGTTTGCCATACAATGCGCACC
NC_008062.1	551129	551168	0.76865	+	TTGCTGAGAGAAGGGCGGGCTTTACGGTATAATCCGTTTT
NC_008062.1	552445	552484	0.6081	-	CGCGTCTCGACCTTGCCTTCGCGGTCGTACCATTCGGTGA
NC_008062.1	554466	554505	0.69017	+	ATCCTGCAGGCGATCGAGAAGGCCGGCTACCGTGCGGGCG
NC_008062.1	554801	554840	0.60613	+	GATCCTCATCAAGATCAACCAGATCGGTACGCTGACCGAA
NC_008062.1	555065	555104	0.68604	+	GGCTTTCTATAACCTGCGCTAACGCGCTACTATCGGGTTC
NC_008062.1	555196	555235	0.60063	+	CCTTGCTGGCGCTCATTCAGTACCCCCTATGGTGGGGACA
NC_008062.1	557694	557733	0.66476	+	CCTTGTCTCTTCGATGATGGGCGCCGGTAGAATGGCGCGT
NC_008062.1	558801	558840	0.76851	+	CGGCCGCCTGAACCGGGGTGTCGCCGCTATAATCGAACGA
NC_008062.1	559780	559819	0.67499	+	GCGGGCGGCGCAATTGCCGCGTTGCAGTAGAATGAGGCCT
NC_008062.1	561377	561416	0.72725	+	GTGTCATTTTTGCGCGAGTGCGCTTGTTACAATAACGCGA
NC_008062.1	561925	561964	0.62844	+	TCGATCGCGCTGTCGCGCATCGAGCCGTACGGTTTCATCA
NC_008062.1	563881	563920	0.85404	+	ACGTTACGAACTGCCCGGCTAATCCGCTACAATCTCAACG
NC_008062.1	567392	567431	0.68652	-	TTTGTCGACGGTCGATAGGAAAGTGCATATAATTTCCGCC
NC_008062.1	573211	573250	0.60073	-	TTCGCACGTTCGCGTCGAAGCCACTGGTAAACTCGGGCAA
NC_008062.1	573881	573920	0.60721	+	CATCCGCGTATGACGCAGCGCCCGCGCTATCGTGGCGCGG
NC_008062.1	575872	575911	0.60645	-	CCGTGCACACGGGTCGCTTCGTGCGCCTATCCTGAAGTTG
NC_008062.1	576454	576493	0.62907	-	AAGGGCGTCGTCACGCAGGCCGTCGTCTACGATCCGAACA
NC_008062.1	576954	576993	0.8176	-	GGTCGCCTGAAACCGCCGAAAATCGGGTAAAATCATGCCT
NC_008062.1	577027	577066	0.78258	+	CGAGTGGGTTTGCCGGGGCGATGGCGATACCATACGGCCA
NC_008062.1	578102	578141	0.68881	+	CCGCGTGCGGCCGGGCACGACTGGCCCTACAATCGCCGGA
NC_008062.1	581781	581820	0.75602	+	AGGTTTCATAGGCGTAAATCGGAATGTTATACTCCGAGCC
NC_008062.1	581782	581821	0.66499	+	GGTTTCATAGGCGTAAATCGGAATGTTATACTCCGAGCCA
NC_008062.1	581814	581853	0.7925	-	GCTCGCCGGAACGCGCAGACGTTTTGTTAGAATGGCTCGG
NC_008062.1	584330	584369	0.72617	+	GCCGGTTTTGAGCGTCGCCCGCGCGGGTAGAATACGCGCT
NC_008062.1	584351	584390	0.60171	-	CGAATCCTTGGGTCTTGCGGCAGCGCGTATTCTACCCGCG
NC_008062.1	586920	586959	0.64011	+	CGGCTTGTCAAGCGGGCTTCTATCGGGTACGCTCGGTCGT
NC_008062.1	587179	587218	0.61169	-	CCCATCGAAGTGCCGCCGTATTTGTGTACGATGAGTGCCA
NC_008062.1	587180	587219	0.61947	-	GCCCATCGAAGTGCCGCCGTATTTGTGTACGATGAGTGCC
NC_008062.1	588466	588505	0.61146	+	GAAATTGACGTACGGTTCGAAACCCTATATTATCTCGTTC
NC_008062.1	592411	592450	0.69906	+	CCGGTTTTTCATCGCACTCGCGCGACGTATGATTCGGCCA
NC_008062.1	592672	592711	0.62893	+	TCGTCGTGCCGGTGATCCTGCTCACGCTATGGTTCGCGTG
NC_008062.1	596577	596616	0.66102	-	AGCTGTCCGAGCTCGAACAGGTCGGCTACGATCCGGCCCA
NC_008062.1	596578	596617	0.70082	-	GAGCTGTCCGAGCTCGAACAGGTCGGCTACGATCCGGCCC
NC_008062.1	596799	596838	0.73328	-	GTCGCCCGCCCCGCGACGGCTGCCGCCTACGCTGACGTCA
NC_008062.1	596898	596937	0.61084	+	CTGGCGCCGCACGGCAATCGCGGCGCTTACGATAGTGGCG
NC_008062.1	597104	597143	0.68067	-	AGCATCCGGTCGAGCGTGATCGCGTCGTACGATGCGCTCA
NC_008062.1	598284	598323	0.72236	+	CTCGGCAAGCGACTGCCGGTCGGCGGCTACGATGAACTCG
NC_008062.1	598415	598454	0.64843	+	CCTGCGCACGCCGCTCGCACGCGTGCATACGATGCTGGCG
NC_008062.1	599921	599960	0.70975	+	GAAATATGCGGAGCGGGTGCTTGCCGCTATAGTCGAATCA
NC_008062.1	600413	600452	0.833	+	TTCTTTTGGCTCGACGGATTGAATGGGTAGAATCGCTCCA
NC_008062.1	602277	602316	0.6025	+	CTCGCCTATCCGCAGACGCTGCCGCTGTACTATTCGGCCG
NC_008062.1	606242	606281	0.61607	-	AATCGTTTGTCAAAACAAATTAATAAATACAATCGAGATG
NC_008062.1	606265	606304	0.71069	+	TGTTTTGACAAACGATTACGCGCTGGCTAGTATCGACCGA
NC_008062.1	607202	607241	0.62245	+	CGCCGCGAGCTTGCGCTGCAGTTCCGGCATGATGCGCGCG
NC_008062.1	608117	608156	0.65949	+	GGCGGGTTACACGGCCCGCGGCGGCGATAGGTTCCGAGCG
NC_008062.1	608204	608243	0.73083	+	GCGGCGCGCACATCATAAAGCAAGCGGTACGCTTGGCGCG
NC_008062.1	608208	608247	0.65284	-	ACATCGCGCCAAGCGTACCGCTTGCTTTATGATGTGCGCG
NC_008062.1	608231	608270	0.6078	+	TACGCTTGGCGCGATGTCCGGCGCGAGTATAATTCCGGCT
NC_008062.1	608249	608288	0.61176	-	CGCCCGGAACGGGAAAGAAGCCGGAATTATACTCGCGCCG
NC_008062.1	608494	608533	0.70172	-	CTTCCTGCGACGAGCGCTCGACGTCGGTATCCTCGATGCG
NC_008062.1	608734	608773	0.60033	-	GCACCTTGCCGGGCTCCGGGCGCCACGTACCGTCGTAGCG
NC_008062.1	609859	609898	0.61865	+	GGTATTTACAAGTTCGAAATCGGTCCATATAATCTCATTT
NC_008062.1	610029	610068	0.79983	+	ATGCTTCACAAAATGATTCAGAGCAGTTAAAATTTCGGCC
NC_008062.1	610270	610309	0.74479	+	GAAAGCTGGAGCGGTAGTTCAGTCGGTTAGAATACCGGCC
NC_008062.1	610565	610604	0.74946	+	GAAAGCTGGAGCGGTAGTTCAGTTGGTTAGAATACCGGCC
NC_008062.1	610854	610893	0.74906	+	GCAGACTGGAGCGGTAGTTCAGTCGGTTAGAATACCGGCC
NC_008062.1	611238	611277	0.64622	+	CGCGATTGCATCCGCACGCGACTGCGCTATCGTGGCGGGA
NC_008062.1	612695	612734	0.65667	-	CGCCGCATGCGCAAGCGCTGCGCCTTCTAAAATAACGGCA
NC_008062.1	615585	615624	0.68617	-	ATACGCGTGCCTGTCGACCTATCCCGATACGGTGCCCGCG
NC_008062.1	615949	615988	0.68307	-	GTCTTTTTTAGCACCTTCGATCACGAATAGAATCGACCCG
NC_008062.1	617032	617071	0.62407	+	CGATTCGGCCGGCGCGATTTCGCACACTACAATCGTAAGA
NC_008062.1	618765	618804	0.70738	+	TTGGCCGGGTACAGCGACTGGTCCGGGTACATTTCGCCCG
NC_008062.1	619846	619885	0.64595	+	AACGGCCCGCGCGGCCGGTACGACCGATACGGTGCACGTA
NC_008062.1	621325	621364	0.65307	-	CAGTGGCGCAGCGCAGCAAATTTCTTTATAATGCGGCCTG
NC_008062.1	621326	621365	0.77515	-	TCAGTGGCGCAGCGCAGCAAATTTCTTTATAATGCGGCCT
NC_008062.1	621693	621732	0.6276	-	CTCGACCCCGCGCGACGGCCCGCTTGTTAAGATCGGCCGA
NC_008062.1	621784	621823	0.60941	+	ATCGCCCGTGGGAGCGGGGCGGCGCATTACAATGTCGGCC
NC_008062.1	622218	622257	0.60229	-	CCGTCGTCCCATTCGAAATCCGCCCAGTAGGCTTCGTCCA
NC_008062.1	622246	622285	0.60029	+	ATGGGACGACGGCGCCGGTGACTGGCGTACGCTACATCCG
NC_008062.1	623186	623225	0.60694	-	GCACCGGCCGCTCGGCGGCGACGGCGGTACCGTCGTCGGG
NC_008062.1	623362	623401	0.69211	+	ATCGATCACATCGCCTGCATCGACCGATACGATGCCGCCG
NC_008062.1	625939	625978	0.65389	-	CTGATCGGCGAATCGCGGCACTGACGCTACACTTTCCGTT
NC_008062.1	627881	627920	0.66206	-	GCGCGGGCGCGCTCCCACGCGGCACGGTATTTTTCCGGCA
NC_008062.1	630090	630129	0.64927	-	TAAAGGCGTCCGCCAGGCGCTTCCCCGTACGATTTCAACA
NC_008062.1	632565	632604	0.65886	+	CGGATGCCGCAACGGCGCAATTTCGCCTAGACTCCACGTC
NC_008062.1	632566	632605	0.6137	+	GGATGCCGCAACGGCGCAATTTCGCCTAGACTCCACGTCG
NC_008062.1	634669	634708	0.76025	-	GGCGCCCCGTTGCGCCGCACGGTTGGGTAAGATGCGCGTA
NC_008062.1	638270	638309	0.68132	-	GAGTTCGCCCGCCGCCTGTACGCCGACTATAATGTGACGG
NC_008062.1	639432	639471	0.65117	-	GCAGGCCGTGACCGCATTGCGTCACGCTATAATCGTCCGT
NC_008062.1	639493	639532	0.60741	-	GGCGGACGAGGACGTCAATTGGTTCGATACCCTTTATTCG
NC_008062.1	639636	639675	0.65325	+	TCCATTCTCTTATTCTCAGTCCCGCGATACCTTTCGGCCG
NC_008062.1	641547	641586	0.60327	-	CGCCGGGTTTGTCCGGTGCCGGCGCGGCACGATGGACCCG
NC_008062.1	641587	641626	0.7302	+	ACGGTCGGGACGGCACACGCGCGATGGTATGATGGAAGCC
NC_008062.1	641588	641627	0.66573	+	CGGTCGGGACGGCACACGCGCGATGGTATGATGGAAGCCG
NC_008062.1	655097	655136	0.61859	+	GACTTGAGAGCGGACAAATCCGCGTGCTATACTCTTTGGC
NC_008062.1	657415	657454	0.6583	+	CAGCTCGCGGTCGTGATCGGTGGCGGTAATATTTTCCGTG
NC_008062.1	662722	662761	0.68722	+	CCCGTTTTGGACGGGGGGCATCTGTTATATTATGCGGTTG
NC_008062.1	664820	664859	0.70358	+	ATCCTGGGCCTGAACCTGCAAGGCGGCTACGGTAACGGTA
NC_008062.1	665048	665087	0.60019	+	CGCGTGTTCACGTTCCTCGACGGCGGTAACGTGTGGGGCA
NC_008062.1	667523	667562	0.65843	+	CGCCCTGAGCGACGCGGCACGCATGGGTAACATCACGCGA
NC_008062.1	667604	667643	0.65289	-	TCTGCGCGCCCGGTTCGACGATCGCGGTAGGATGAATCCT
NC_008062.1	670005	670044	0.71526	-	CAGCATCCGGTCGCGCGTGACCTTCGCTAGGATCGACGCG
NC_008062.1	670846	670885	0.62951	-	GTCACGCGATGCGTGGCCGCGTCGCGCCAGAATGCCGACA
NC_008062.1	671147	671186	0.66693	-	TGATGCGCCGCGAAGGGATCAAATGGCTATCGTCGACGCA
NC_008062.1	671968	672007	0.82578	+	TCGCGCCACATCCGGCAGCCGGCACGGTAGAATAGCGGCA
NC_008062.1	671989	672028	0.65198	-	GCAATTGCTTATCCAACAGGTTGCCGCTATTCTACCGTGC
NC_008062.1	674883	674922	0.64802	-	GCGCTCGCGGCTGTGCGAAGCGGTCGGTACTCTTGGACAG
NC_008062.1	675272	675311	0.62126	-	CGAGTTCGACGTCCCAGTCGGCACCGCGATACTGCACGCG
NC_008062.1	676996	677035	0.73403	-	AGCCGGGCGATACGCGCCCCGCTTTGCTAAAATCGTGATT
NC_008062.1	677039	677078	0.61198	-	ATCTGCCATAAATCGCGCGGCATCGCTTAAAGTGGGAACG
NC_008062.1	678870	678909	0.7135	-	AACAAGACGCCGCCACGACGGCATCGCTAAGATGCGCGCA
NC_008062.1	679674	679713	0.66009	-	TTACTCCCGGTTGCGCTGCCGGGCGATTAGGATGGCCCCA
NC_008062.1	680946	680985	0.7208	-	CGGCGTCCGAGGCCGTGTGCGTGGTGCTAGATTAGTGGCG
NC_008062.1	682866	682905	0.69061	+	TGTTGTGAAAATTCACGGCGCTTCGCGTATAATTCGCTTT
NC_008062.1	688560	688599	0.64444	+	GACTCCCGCAACGGCGAACACCGCGGATAGCGTGCCTTCA
NC_008062.1	691375	691414	0.72672	+	GACAGGCGGTGACTCCGCGCGTCCGGGTAGATTCGTCTCG
NC_008062.1	691795	691834	0.61066	+	AGAGGGTGTCGAGTGTGGCCGAGAGGGTAGCATCTTCAGG
NC_008062.1	692115	692154	0.61441	+	AGGCGACTTCGCTTACGTGCCGGGCGCTACGCTTGCACGA
NC_008062.1	693358	693397	0.65499	-	GCCTTTACCGCGCTGGACGCGTTCGATTACGATGCGCACG
NC_008062.1	693776	693815	0.62363	-	CCGCTGCTCGACATCTGCCATGCACTGTACGGTGAAACCG
NC_008062.1	698184	698223	0.60274	-	CCGGCAAGCGGTCGCGACGGCGATCGATACGCTGAAGCTG
NC_008062.1	699181	699220	0.68895	+	CGCTGTTTGACAGCGGCATTCCACCGTTAAAATGGCCGGC
NC_008062.1	699182	699221	0.66802	+	GCTGTTTGACAGCGGCATTCCACCGTTAAAATGGCCGGCA
NC_008062.1	699568	699607	0.61173	+	CGTTCGTCGTCGGCGAGCGGCACGACGTACGGTTCGACCG
NC_008062.1	702039	702078	0.81942	-	TTGGTTGGGGCGCGCAATGACGCTGGCTACACTCGGCCCA
NC_008062.1	703765	703804	0.76684	+	GGGCCTGTCATACCGGCGTCACCCTGCTAGAATTCGGCCT
NC_008062.1	703766	703805	0.66532	+	GGCCTGTCATACCGGCGTCACCCTGCTAGAATTCGGCCTG
NC_008062.1	704591	704630	0.61346	+	ATGCACGCCCGCATCGCGCGGGTCGTCTATGGTGCGGCCG
NC_008062.1	708613	708652	0.71097	-	CGGCGGCCCCATCGGCGGGCTCACGGCTACGATCTCGGTG
NC_008062.1	709338	709377	0.69313	+	TGTATGGGCGCGTATGAACGTTTTCGCTACACTGGGCCGT
NC_008062.1	710121	710160	0.65358	+	CACGTCGCCGCAACTGATCGTGCCGTATACGCTCGACACG
NC_008062.1	710986	711025	0.6602	-	ATCGGGCCGCCGCGACGCAGCGGGCCGTATTGTGGTGTCA
NC_008062.1	712845	712884	0.67621	+	GCACCAGTTCGCCGCTGTCGCGCGTGCTATCGTGCCCGCA
NC_008062.1	713539	713578	0.61959	-	GAAGTGTCGAAGAACGCGCAGCGCATCTACGATCAGGCCG
NC_008062.1	715159	715198	0.70546	-	CGCCCGTATTTGCGTGGGGAACCTTTTTACAATGCCTGCA
NC_008062.1	717003	717042	0.61963	-	ACGGCGCGTTGCGCGACGGGTGGTGGCCACAATGGCCGCG
NC_008062.1	718500	718539	0.61758	+	CCCGAAGCTGTCCCGAAGCGGTTCCGCTACGGTCCCGCTA
NC_008062.1	718548	718587	0.64569	+	TGCGTGCCCGGCTTCTTGAGTGATAGGTATGATGGGCGGC
NC_008062.1	718549	718588	0.67987	+	GCGTGCCCGGCTTCTTGAGTGATAGGTATGATGGGCGGCA
NC_008062.1	719643	719682	0.66798	+	CGCCTTCGTGCCTGCACCAAACTCGGGCAGGATGCGCGCA
NC_008062.1	720220	720259	0.60873	-	CGAATGCACGCGCGGGAAAAGCAGGTCTATGATGGAGACT
NC_008062.1	720878	720917	0.77562	-	GGACTACCGGCAATGGGGCACGTTCGCTATCATGCGGCCA
NC_008062.1	723176	723215	0.66411	-	CGGAACGTATTGTCGGCATCCTCGGCCTATGATGGACACG
NC_008062.1	723229	723268	0.69542	-	CGACCGGGCGCCTTCGCGATTTTTTGTAAAAATTCCCGCA
NC_008062.1	730173	730212	0.63718	-	GACGCTCACCGCGACGCCGATCCCGCGTACGCTCGGGATG
NC_008062.1	734512	734551	0.71968	+	ACGTGCGCCGCGGGCTTCGTGCATTGCTACGCTTACAGCG
NC_008062.1	735063	735102	0.60668	-	GAGTATCCGCATGAAAACCGTGGGCGATAAACTCGAAGCT
NC_008062.1	735167	735206	0.63969	-	CTATTGAAGCGACTTGCCAATAGTGTTATAGTTTTACCCA
NC_008062.1	735168	735207	0.70978	-	TCTATTGAAGCGACTTGCCAATAGTGTTATAGTTTTACCC
NC_008062.1	737411	737450	0.63551	-	CGGCCGTGCGTCAATTCCCATTCGCGATAAGATGCCGATC
NC_008062.1	739269	739308	0.66326	+	GACGGCCGGGATGCGACCGCCGGCTCGTACGATCGCGCCG
NC_008062.1	740706	740745	0.65856	-	AGCCGCCCGAGCGCCGGCGGCGCGCCGTACAGTCCGCCCG
NC_008062.1	741786	741825	0.66087	-	CCGCCGGCGCCCATCGTGCCGCGGTGCTAGAATGCCGCGC
NC_008062.1	741825	741864	0.71994	+	GGGCGAGACAACGCCGCACGGATCGGGTAGAATCTCGCGC
NC_008062.1	742305	742344	0.62167	-	CGTCTTCACGGGTTTGGCGCTCCACGCGATATTGTCGGCA
NC_008062.1	743481	743520	0.64283	-	GCAGTCGATCTACTACGACGATCCCGATACGCTGACGATC
NC_008062.1	746589	746628	0.74291	+	CCGTGGCCCGCCAAAAAAGCTGCTGGCTATAATCGGCCGG
NC_008062.1	750964	751003	0.66965	+	TCTGGCGGTACGAGGAAAATTGTTTGCTAGAATAGTCGAT
NC_008062.1	751142	751181	0.64294	-	CAACGTTAGCCATGGCTTCAATCGTCCTAAAATTATTCGA
NC_008062.1	753440	753479	0.61389	+	TCATGTCATTTACCTGTCCGGAGGCTCTACATTCATGGCG
NC_008062.1	753582	753621	0.64789	-	CGCGAATGATTTCGTTGCAGAGGTCGATACATTCATCGCA
NC_008062.1	757665	757704	0.72819	+	AGACCAAGGAGCGGTAGTTCAGTCGGTTAGAATACCGGCC
NC_008062.1	759131	759170	0.65449	+	CTCGCTCAAGCAGGGCGACGTGAGCGGTATCGTGCAGTCG
NC_008062.1	760513	760552	0.74811	+	CGCCGCTGACGCTGGCGTTCGCGACGCTATAATCGATTCG
NC_008062.1	760760	760799	0.61395	-	GTCATGGACTTCGATGATCGGATCGGTAATCTTGAACATG
NC_008062.1	763258	763297	0.7102	-	TCGCCGCGCGCCGACACGTAACGCCGCTATACTGACTGCC
NC_008062.1	764952	764991	0.63968	-	GGCTGGGGCCTCGCGTGCGGGTCTGCTAAAGTGGTGACCG
NC_008062.1	764953	764992	0.69134	-	CGGCTGGGGCCTCGCGTGCGGGTCTGCTAAAGTGGTGACC
NC_008062.1	766410	766449	0.79383	+	GCCGGTCTTGGGCGGCCGACTTCCGGGTATAATTACGGCC
NC_008062.1	770366	770405	0.62125	-	GCCGGCGACCCGTTCGGGTTGAACGGATAGCGTTCGGTCG
NC_008062.1	770467	770506	0.64234	-	CTTCCGGGTGCCAGCTCATCGTGACCGTACGATGCACACG
NC_008062.1	772174	772213	0.70714	-	CCGCGCGTCGCGCGGCACCGGCTGGTGTATGATGCGCTCG
NC_008062.1	773084	773123	0.68469	-	TGCGGTACTGCATCAATTCGGCTGCGTTAAACTTCGAGTC
NC_008062.1	773172	773211	0.60704	-	GGGATGGTGCGCGTCGAAGTGCGCTGCAACAATTGCGGCG
NC_008062.1	775107	775146	0.63236	+	CATATTGAGCGCCTCTGGGTAAGCCGATATTGTAAGGCGG
NC_008062.1	777017	777056	0.6636	+	AAATTGAACGACCGTGCTTTTTCGTTGTATGCTGCCTCCG
NC_008062.1	777584	777623	0.62546	+	TGAACATGATCGTGTCGGGCGCGCCGGTACCGTCGGAGCA
NC_008062.1	781252	781291	0.6155	+	CGGACTTGTCAAACGAATTGCCCCACCTATACTTGCTCTG
NC_008062.1	785162	785201	0.63814	-	GCGTTCGGCATTTATCAGCCATTCTGTTAATTTGCCAACC
NC_008062.1	785353	785392	0.70082	+	TGTTTTGTTTTTCGCGTATTGAATTGGAAAATTGGTCGCA
NC_008062.1	786392	786431	0.6359	-	GGGGTTCGAAATCCGCCGCGTAAGCGCGATACTGAGCATG
NC_008062.1	786543	786582	0.6015	+	GACGGCAAGATGGTGATGCGTCAGCCGTACGATGTGCATA
NC_008062.1	787470	787509	0.67577	+	ACAGTCCATTGCCGTCGGTAAGTTTGGTAGGCTTGTCGCC
NC_008062.1	792967	793006	0.6728	+	AAGCGCGACCTGCAGGCCGACACTCCTTACAATACCTACA
NC_008062.1	793172	793211	0.63131	+	ACATACGAGGTCAATAATGGCGAGCGGTAAATTCATCACG
NC_008062.1	794617	794656	0.67841	+	GTGCTCGGCTGGCTGCAGCGCTGGCTGTACGATCTGCTCG
NC_008062.1	799578	799617	0.64282	-	ATTTTTTGGGGGTTGTTACAGACCGGATACATTCGGCCGA
NC_008062.1	800228	800267	0.65837	+	GACGACCGTCTATCACGGGCTACCCGATACGCTGTACATG
NC_008062.1	802309	802348	0.74636	-	GGTGCGGCAATTCGCCGCGTTTTCTTCTATGATGGCTGCA
NC_008062.1	802889	802928	0.71347	-	CGTTTTGGTGTTTTCACATTGATTTGCCATAATCGGAGCG
NC_008062.1	804773	804812	0.70772	-	TTTCATGCAATCGTCGCGTTGAACGCCTACACTTTCGCCA
NC_008062.1	808750	808789	0.62412	-	GATCTTATCAAACCTTTCCTGCATCCCTAAAGTGTCCTCA
NC_008062.1	808756	808795	0.71927	+	CACTTTAGGGATGCAGGAAAGGTTTGATAAGATCAGCCGA
NC_008062.1	809283	809322	0.61311	-	GCGCCGCCGATCCGGATCGACAGGTCGTAGCCTTCGCGCA
NC_008062.1	809745	809784	0.67408	-	GTGGTGCTCCAGTAGCCGGGGCGTGCATACGCTTCGCGCA
NC_008062.1	809824	809863	0.62356	+	TTACGCTTCATGCGTGCCGCGCGGGAATAAACTCGACGCA
NC_008062.1	810582	810621	0.63187	-	CCGCGTCCAGCAACGCTCGCGCTTCGTTACAGTCCATCGA
NC_008062.1	811618	811657	0.75142	+	GGCCTTGCATGCACCCCGTAACCGGGTTAGAATCTTCGGC
NC_008062.1	814086	814125	0.643	+	AATGCCGGGCACCCAGCTCGTGATGCGTATGCTCGGCTCG
NC_008062.1	814540	814579	0.77549	+	ATCCTGTTCATTTATCGCGATGAGGTCTACAATCCGGACA
NC_008062.1	814776	814815	0.75833	+	CGCACGTCGCGTCGCGACCGAAACCGGTACAATGTCGCCC
NC_008062.1	814777	814816	0.62168	+	GCACGTCGCGTCGCGACCGAAACCGGTACAATGTCGCCCG
NC_008062.1	816169	816208	0.61376	+	CGCGTGTTACCTGTCGATGGGCCTCGGTACGCTGTTCGGC
NC_008062.1	816170	816209	0.62039	+	GCGTGTTACCTGTCGATGGGCCTCGGTACGCTGTTCGGCG
NC_008062.1	816861	816900	0.62499	-	TTCGCTTCGGCTGCACACTTGGCGGCCTACGCTGGCCTTG
NC_008062.1	817420	817459	0.61907	-	CGCCGAAGCCGCTCGCTCGATGCCGCATACGCTGCGCTCG
NC_008062.1	817965	818004	0.6899	-	AATGGGGCTTTGGCCAGCCAGGCCCGGTATGATTCCCGCC
NC_008062.1	818012	818051	0.67508	-	CCGCTTCGCCGCAACCTTCCGCCCCGTTACTATCTTCCTG
NC_008062.1	821540	821579	0.64738	-	GGCTGTACAAGCGCTTTGAGGCGCGTTATATTGGGCCGCA
NC_008062.1	821541	821580	0.63771	-	AGGCTGTACAAGCGCTTTGAGGCGCGTTATATTGGGCCGC
NC_008062.1	821579	821618	0.65678	+	CTTTAGCACGTCGTCCACGTGACCCGGTACCTTGATGCCG
NC_008062.1	822166	822205	0.7763	+	CCGGGGATTTCGCCCCACGTGACAGGGTACGATGGCAGCG
NC_008062.1	823064	823103	0.66519	+	GCGCGCGCGTCGGCGACGTGGCCGCGATACGCTTCGAAGA
NC_008062.1	823247	823286	0.61999	+	TGCTTGGCCGAATCGGCGTACTCGGGGAATTCTGCGGCCA
NC_008062.1	826225	826264	0.60699	-	TACCCGGCGATCCATCTTTTCACGCTGTATCGTGCGCGCG
NC_008062.1	828808	828847	0.61456	-	CCTGCCCGGCGCCGTGCTCGTGCTGTATACGCTGATCGCG
NC_008062.1	829523	829562	0.65389	-	TAATTGAACGTTAATCCCCGATGCGGTAAAACTCGGGCCG
NC_008062.1	830045	830084	0.66325	+	GCATTGCGAAAGTCGGCCAAAATCCGCTAAATTATAACTT
NC_008062.1	830068	830107	0.72098	-	AGTGGCGCCCGGGGGCGACCAAAAAGTTATAATTTAGCGG
NC_008062.1	835950	835989	0.65387	+	GCGCGTGCGCGGTGGCGCGTGGGCCGATACGCTCGCCGAA
NC_008062.1	840531	840570	0.62292	+	GCGCTCGAACAGATCGCGAAGGTCGGCTACGATCCGGTGT
NC_008062.1	842050	842089	0.65677	-	TGTCTCAAAAAGGGCACGCATTTGTCCTATGCTTAACGCG
NC_008062.1	844422	844461	0.63237	-	TCGTGCACAGCACCGCGCAGCACTGGATATTGTTCGGGCA
NC_008062.1	849224	849263	0.63683	-	ACGTTCGCCTCGCCGAACGGAATCGCATAGGATTCCTCCG
NC_008062.1	852909	852948	0.76243	-	CGTATCGATCTACATCGGCCTGACGGGTATCCTGTCCGCG
NC_008062.1	855461	855500	0.63472	-	TTATTCGTCAACCGTCTGATTTTCTGGCATAATCGCCGTT
NC_008062.1	858317	858356	0.63446	+	GATGGCGTGACGAGTCCGCGCTCTTCGTAATATTTGAGCG
NC_008062.1	858456	858495	0.72495	-	ACCTGAACGTGAACGTACAGGTTGATCTATAATCGCGTCA
NC_008062.1	859650	859689	0.67987	-	GACGGGAGAGACGATCTTCGGCGACGGTACGCTCGAAGTG
NC_008062.1	859913	859952	0.72488	-	CTCGCTCAAGCGCGAATCGGGCTATGCTAGAATTAAAAAA
NC_008062.1	859918	859957	0.73257	-	GATCGCTCGCTCAAGCGCGAATCGGGCTATGCTAGAATTA
NC_008062.1	860490	860529	0.62587	-	CGCCCGCAGCAGATAGCAATTTAGGCTAATATGACGCCCG
NC_008062.1	860491	860530	0.70656	-	CCGCCCGCAGCAGATAGCAATTTAGGCTAATATGACGCCC
NC_008062.1	860526	860565	0.64613	-	GCGTCGTACCCCTACTCGCGTAGCGGCTACTATCGCCGCC
NC_008062.1	860692	860731	0.70441	+	ACGGTCGCATTCGTCCGGAAGCGGTGATAGAATATGCCGT
NC_008062.1	860919	860958	0.78716	+	CGTGTCGGCGCGACGCAGCGTTACTGATACAATTTCCCGA
NC_008062.1	864990	865029	0.60492	-	CGTCGACCACCTGCCCCGCGCCGCCGTTAACCTTGCGGTG
NC_008062.1	865539	865578	0.60248	-	AGCCGAGGCCGCGCAACACCTCGTCGGTATGCTCGCCGAG
NC_008062.1	865807	865846	0.76894	+	GTCGCTCTCGCGCCATCTTTCCTCGGTTACAATCGCCGGA
NC_008062.1	868282	868321	0.64531	-	CCCCTTCGTTACCGCGTCCCCCTCTTTTACCATCAAAGCG
NC_008062.1	873557	873596	0.64056	-	TTAGGAGAAACCATGAACGACTATCCGTACAATTTCGGCC
NC_008062.1	873644	873683	0.63863	+	GGCGCAGCAAACCAGGGCAGCTATGGCTAAGATACGTTCC
NC_008062.1	873665	873704	0.64607	-	GCCATTGAAACCTCCCGGCACGGAACGTATCTTAGCCATA
NC_008062.1	873755	873794	0.64591	+	CAATCGCAATGATACACGGGATCGTGCTACAATAGCGGAT
NC_008062.1	873776	873815	0.64087	-	AGAAGTTACAGGTTCAAATGAATCCGCTATTGTAGCACGA
NC_008062.1	876047	876086	0.6641	+	GTCGCGGTGGTTGCCGTACTGATGTGGCACACTGGCGGCG
NC_008062.1	876580	876619	0.60523	+	TCCGGCAAAATATTCGGCAGCGCGGGGTAACGTGGCGCGG
NC_008062.1	878924	878963	0.65573	+	CAGGGTACGGTCGCGGCCGGCGGTCGCTACGATCCGCTGA
NC_008062.1	879867	879906	0.61066	+	GCGTCGCTGCTGCTCGACGAGAAGGCGTACGATGCGGGCC
NC_008062.1	880133	880172	0.62992	+	CGCTAACCGATGAATTTGCTGAAACGTTACGCTGTGCCCG
NC_008062.1	881000	881039	0.70362	+	GGCGACGACTGGTCGGTCGTCACCGCGTACGATGCGGCCA
NC_008062.1	882907	882946	0.6693	+	TGGCCGGGCGGGGCAGGCAAAATCAGCTATAGTGTAGCGA
NC_008062.1	882930	882969	0.66315	-	AAGAAAAAGAGATCCGGCGCCAATCGCTACACTATAGCTG
NC_008062.1	884292	884331	0.60188	+	CGACGCGGTCGAGCGGGACGAGTATGGTAATATTTCGCGC
NC_008062.1	884293	884332	0.73135	+	GACGCGGTCGAGCGGGACGAGTATGGTAATATTTCGCGCG
NC_008062.1	886958	886997	0.65518	+	TCCCGTCGCCTGGCGCGACACGTTTCGTAGAATAGCCGAG
NC_008062.1	887001	887040	0.67239	-	CCATCACGATCAGCCCGCCGATCCGGATATGATGCGGCGG
NC_008062.1	887203	887242	0.63192	-	GCGCTTCCGACGGCAGCACGTCGGCGATATTCTCGGGAAG
NC_008062.1	888390	888429	0.65963	+	AAATTCGGAATCGCCCGCGAACATAGGTAGAATACGTTTT
NC_008062.1	889299	889338	0.72471	+	GGCTCGGGCCCGTTCCCGAGCGAGCTGTACGATGCGGACA
NC_008062.1	889850	889889	0.61879	+	CGCGCAACGACGACAAGAACCTGTGGGTAGGCTGGGACGA
NC_008062.1	890498	890537	0.73385	+	CCGATAGGCAGGCGGCGCGGCCCCGGCTATGATGGCAGCC
NC_008062.1	890600	890639	0.62569	+	CAGGGCGGCGTTTCACGGGGGCGCGAGTAGAATAGCGCTC
NC_008062.1	890621	890660	0.68351	-	CGGGTCCGGGTCGGACAAAACGAGCGCTATTCTACTCGCG
NC_008062.1	895131	895170	0.61729	+	ATGGCGGAGCGTCCAGCCGGGGGTGATAGAATTTGACACA
NC_008062.1	898974	899013	0.65476	+	CGATCGACCACGACCTTGAACGCATCGTACGATTCGCGCA
NC_008062.1	898990	899029	0.63502	-	CGCGATCCGCAGGCGCTGCGCGAATCGTACGATGCGTTCA
NC_008062.1	899551	899590	0.84435	-	CAGCGTCGGCGGGCCGATCGCTTGGGCTATAATCTTCGCG
NC_008062.1	903891	903930	0.70423	-	TTTGCCGACCGCGGTCCGCGCGGCCGATACGATCACTACA
NC_008062.1	906009	906048	0.77304	+	CGGGCGGCGGGGATTCGTCACTTGCGCTACGCTGCACTCA
NC_008062.1	906310	906349	0.61708	+	CCGTTTCTACGGTCATGCGATGCAGGGCATGATGGGCACG
NC_008062.1	908463	908502	0.6548	+	CGGGGCGCAGGGTACGCGGACTGTCGCTATACTCGATATC
NC_008062.1	910938	910977	0.60471	+	CTCGTGATCTCGCAGGACACGAGCGCATACGGTGTCGACG
NC_008062.1	913344	913383	0.68165	-	TAGCCAAAATCGGCGCGGTTGGCCCGATACAATGCGCGCC
NC_008062.1	913355	913394	0.80438	+	TATCGGGCCAACCGCGCCGATTTTGGCTACTCTAACGACA
NC_008062.1	915646	915685	0.68408	-	CGCCGGCGCCCTGCGCGGCCAACCGGCTACAATGGCGCGT
NC_008062.1	916706	916745	0.6155	+	CGGTTTTCTCGAAGGATCGGGTTGCCTACGATGGCACGCA
NC_008062.1	917796	917835	0.64294	+	CTCAGCGGTTTCTGAGCGCGGAGCGCGTAAGGTTGCGGCG
NC_008062.1	917870	917909	0.81146	+	TGCGGCGCATTGCACCGCGCTTGGCGGTAGACTGGCAGCG
NC_008062.1	920442	920481	0.61763	-	TGCAGCCGATTTGCCGATGGCTCGGGTTAGCGTCATGGCG
NC_008062.1	923391	923430	0.72955	+	GCGGTCGGCAGTTTCTCCGACACCTGCTAAAATACACGGT
NC_008062.1	923523	923562	0.61382	+	TCGGTCAAATTCGGCGAGGGCAACCGCTACGGTCTGATCG
NC_008062.1	925080	925119	0.67025	-	TGGCGGTTCGCTCCGCGCGATGATGCCTAAGCTGGACCCA
NC_008062.1	925207	925246	0.68238	+	AGTTTCCCCTGCTCAATCGACTTCAGGTAAATTACCCACC
NC_008062.1	925608	925647	0.60781	-	GATCGACAGCAGGTCGAAGTCGGTCGGTACGTTCGCGTCG
NC_008062.1	926337	926376	0.60957	+	GGAAGCCGGGCAATTCAAAACCTACGATACGTTCTCGCCA
NC_008062.1	926427	926466	0.69799	+	TGAACGATTGCCTCTGCCGTCGCCCGATACGATCCGCGCG
NC_008062.1	926572	926611	0.73987	+	GATCTCGCGCTGCGTATGCTCGACCGCTACTATCCGGGCA
NC_008062.1	930940	930979	0.71236	-	CGTCGCACTCGACGAGATAGGTTTTGTTAGTATGGCCCGA
NC_008062.1	933066	933105	0.62661	-	CATGTCGCGAACTCGCGCGAAGCGTCATAGAATCGTCGTC
NC_008062.1	934365	934404	0.69121	-	GGGTGCGCGGCCAGGCCCGCATCGTGCTATGTTTTTACTA
NC_008062.1	934514	934553	0.71277	+	CGTCACACCAGTCACCGAAACGCTCGCTAGAATGGCGGCT
NC_008062.1	935477	935516	0.60563	-	GCCTCCTGCCGCGGGTCGCCCGCGACGTACGCTTCGGCCG
NC_008062.1	940562	940601	0.60452	-	GTGCGGCCGATGCGGCCTCGCACCAGTAGACTGCGCGGCG
NC_008062.1	942211	942250	0.72089	-	CCGATTTCATTTCCGAAATCGAATTGGTAAATTTCCTCCG
NC_008062.1	942943	942982	0.63503	-	GCGTCCGGCCGGGCCGCCGCGATGCATTAAAATGGCGGCT
NC_008062.1	943097	943136	0.81737	+	CCCGGTGGACAGCCGCCGATTACCCGATAGAATTCCCCCG
NC_008062.1	960397	960436	0.65674	+	AAGATGAATCTGAAAGGGAAGGGATGCTAGACTGCGCGGC
NC_008062.1	960398	960437	0.6342	+	AGATGAATCTGAAAGGGAAGGGATGCTAGACTGCGCGGCA
NC_008062.1	962852	962891	0.6354	-	GGCGGTCCCGCGGGCGCGGCGCAGTGCTATGCTTCGCGTC
NC_008062.1	964056	964095	0.60701	-	CAATTTTTCATATCGATATAACGAAATTAGGATTACACCA
NC_008062.1	964081	964120	0.66354	+	CGATATGAAAAATTGTGATTTGTGACGTAAACTATCCGGA
NC_008062.1	968660	968699	0.66711	+	GGACGTGCTGACCGAGTCGACGGCCGATACGGTGTTTTCG
NC_008062.1	969404	969443	0.67814	+	ATCTTGGTGCCGGAGGGCTGGCTGCGTTATGATCGCCCGC
NC_008062.1	969405	969444	0.67093	+	TCTTGGTGCCGGAGGGCTGGCTGCGTTATGATCGCCCGCG
NC_008062.1	973250	973289	0.81931	+	CCGGTTGGGCGCGCCGGCGATCGGCGCTATCATCGCGTCA
NC_008062.1	974200	974239	0.73385	+	CGTCTTGGAACTGATTTTGAGCGTCCCTAAACTGTGTTCA
NC_008062.1	976371	976410	0.61083	-	CGGCTTGCGCGGCACGCCGATATTGGTCATGATCGGGCTG
NC_008062.1	976406	976445	0.67788	+	AGCCGGGCCGTTCATGCAGCAAACCGGTAAACTGATGCGC
NC_008062.1	976407	976446	0.66628	+	GCCGGGCCGTTCATGCAGCAAACCGGTAAACTGATGCGCA
NC_008062.1	977787	977826	0.66841	-	GCGCCGCCAACGGCTTTCCCGGTGTCCTATACTGAGCCGG
NC_008062.1	979541	979580	0.60759	-	CAGATGCTCTTCGACTTTCATGCCCACTATCCTTCCCCCA
NC_008062.1	984582	984621	0.63774	-	CCCGTGCCACTCGGCATCACCGTCTTTTATATTTGATTCG
NC_008062.1	989004	989043	0.67192	-	AACACCTCCGGCGGCAGCGTCGAGCGGTACGGTTCGAGCA
NC_008062.1	991050	991089	0.66629	+	AATTTCGCGATCTATCCGCCGAATCGCTACCGTTACGACA
NC_008062.1	993328	993367	0.69229	+	GGCGGGGCGGGTGGTCGAGGAGGGCGATACGCTCGACGTG
NC_008062.1	997036	997075	0.6008	-	ACTCGGTTGGTGCCGAATAAAAATCGATATGGTTCATCCG
NC_008062.1	997116	997155	0.68894	+	TTTTTTGACGCATCGATTCTGTCCTGCTATGTTCGCGTCC
NC_008062.1	998256	998295	0.67914	-	CGAATTCAGGTCGCCGAAGCCGGCCAGTACACTGAAGTTG
NC_008062.1	999295	999334	0.74024	+	AACCTGACGTTCACGCAGGCGGGCCGCTACGATCACTACA
NC_008062.1	999401	999440	0.64257	-	AGGGTCGGCGCGCGGAAGCCGCGACTGTACGATGCATACG
NC_008062.1	1000720	1000759	0.70137	+	CAGATTGAGCGTCTGGTATTGCGCCGCTATCGTGCTGCCG
NC_008062.1	1001052	1001091	0.64697	+	GCATGACCAACCAACACGTCGACCGTATACAATACATATA
NC_008062.1	1002793	1002832	0.71266	-	GCCCGCGCCTGAGGTCATGGCGGCCGGTATGGTCAGCGCG
NC_008062.1	1003292	1003331	0.68324	-	TCCGGAACTCGTCAACGAAGTGCTCGATACGATCCACGCG
NC_008062.1	1003779	1003818	0.62284	+	ATGCGTTCGAGGACGGTATGAGCGCCATACGATGCTTTCA
NC_008062.1	1005339	1005378	0.65955	-	GTCGTCGATTCACCGATCGAGGTCGACTACGATTGCATCG
NC_008062.1	1006087	1006126	0.80058	+	GATTTTGCGTATACGAATCGTATACGTTAGTATCAAATCA
NC_008062.1	1009078	1009117	0.6137	-	CGTGCGACCGTGCGCGTCGAGCGGGCATAGCGTGGCGGCG
NC_008062.1	1009486	1009525	0.69282	+	TACCGGTGCAATGGCGTATCCGCCCGATACGCTCGCTGCG
NC_008062.1	1012506	1012545	0.65121	+	TTCGTTGGCCGGCCACCTCCGGTTGGGCAAACTGATCGCG
NC_008062.1	1014074	1014113	0.79431	+	GGTTTTCGGCGAATGCTCGCGTAGCGTTAGAATAGCGCCC
NC_008062.1	1014075	1014114	0.6018	+	GTTTTCGGCGAATGCTCGCGTAGCGTTAGAATAGCGCCCC
NC_008062.1	1014095	1014134	0.73883	-	ATTGTCGTCTCCCATGAGAAGGGGCGCTATTCTAACGCTA
NC_008062.1	1014434	1014473	0.66701	-	GTGTGACATCCCGCCTGCGCCACGCGTTACGCTTCTTTCA
NC_008062.1	1014550	1014589	0.62699	-	GTGCTGGCGGGGCTGCGGCATCGCTTCTAGCCTGCGAGTG
NC_008062.1	1016806	1016845	0.6222	-	CTGGGTCACGCTGATGTTCACCGGCTATACGCTCGGGGCG
NC_008062.1	1021498	1021537	0.69773	+	CTCCTGTTTGAGCGTTGTCCGGCGCGGTATCGTCGCCGCG
NC_008062.1	1024598	1024637	0.6564	+	TTGTGGAAACGATGGTAGGAAGCCCGATAAAATCCGTCAA
NC_008062.1	1024629	1024668	0.60514	+	ATCCGTCAATTATGTGAAATCGATAGGTATCATCCAAACC
NC_008062.1	1026031	1026070	0.62682	-	CCATTGGAAACCACCTATCCATCGGTTACCATCATTTTCA
NC_008062.1	1026032	1026071	0.68714	-	TCCATTGGAAACCACCTATCCATCGGTTACCATCATTTTC
NC_008062.1	1026057	1026096	0.68879	+	GTGGTTTCCAATGGAAACCTTCATCCCTACACTGGGAGCC
NC_008062.1	1027082	1027121	0.64748	-	CGGCGTGATTCGCACCGCGCCGCAACGTACGCTTGCGCCG
NC_008062.1	1027156	1027195	0.66155	+	CCACGGTGACACGCGGCTCACAATCGGTACGTTCGCAGCG
NC_008062.1	1032531	1032570	0.64127	-	GTCACGAGGTGCCGTCATGCCACACGGTACGTTGGTCACG
NC_008062.1	1035052	1035091	0.64939	-	CCTGACCGACAACGGCCTGCCGCTCGATATCCTGGATGCG
NC_008062.1	1036074	1036113	0.71794	+	AAATGCATGAAAACAGGGCGATTTTTCTATAATTCACAGG
NC_008062.1	1038766	1038805	0.73493	+	GAACCCGCGCTCGCCGTCTGCTTCGGCTACGATCCGCTCG
NC_008062.1	1043371	1043410	0.63501	-	GCGAACCGTACACCTCGTCGGTGCCGATATGGTGAAAGCG
NC_008062.1	1044796	1044835	0.66265	+	GGCCAGCCTGCGCGCACCGCGGCCCGGTACGTTCCCACCG
NC_008062.1	1046371	1046410	0.60342	+	CGCTTCGCCGAGCCCGCCGATCACCGTATGGTTCTCCGCG
NC_008062.1	1049387	1049426	0.67998	+	ATCTCGCCCTCGACGGGCGGTGCGGGGTACTTTGCTCTCA
NC_008062.1	1051021	1051060	0.65661	-	GCGCGCGTCGAGCCGCACCGAAGTCGATATCCTGCGCGTG
NC_008062.1	1051894	1051933	0.63265	+	TACTTCCTGCCGCCCATCATCGCCCGCTATCATCAGCGCT
NC_008062.1	1059789	1059828	0.62249	+	GCGATCCTCGGCCGCCCGCTGCGGACGTATCGTGACTTCG
NC_008062.1	1062375	1062414	0.64276	-	ATGGAGGTCAAGTCTGTCCTGGGCTTTTATGATTGAGGCG
NC_008062.1	1073316	1073355	0.66316	-	CGCGAACGAAGCCGGCTCGACGGCCGATACGCTCGACCCG
NC_008062.1	1075229	1075268	0.69295	-	GACTGGTGGATCGGCACGGGATTCTTCTACGATGACATCA
NC_008062.1	1075762	1075801	0.64809	-	CCCAGGCCGATATATGTACCGAACGGTTAATATTGCGAGG
NC_008062.1	1076494	1076533	0.68813	+	ATCGTGGCCGGCGACAGCCGGTCCGCGTAGATTTCGCGCG
NC_008062.1	1076865	1076904	0.61648	-	CGGCCACTCCTGCTGTGGGAATGCCTCTACGATGCATGCA
NC_008062.1	1078970	1079009	0.69056	+	GAAGACGCATGCGGAATTCTCGCCCGTTAGCATGAACTCA
NC_008062.1	1080460	1080499	0.62043	+	GGGCTTGTGGCCGCCATCGTTCGACTCTAAAGTAACCGGA
NC_008062.1	1082492	1082531	0.62404	+	CCGTTCGGCGGCGTGAAGGAATCGGGCTATGGTCGCGAAG
NC_008062.1	1082655	1082694	0.72296	+	GCATTGACATCGGAACCGATCGGTCCATATAATGAATCCA
NC_008062.1	1085423	1085462	0.6528	+	CCTGCCCCGCGCGTTCGGCGTGCTCGCTATCCTGTCGGGA
NC_008062.1	1086222	1086261	0.66433	-	GCCTATGAACGGCTGGACGGCTCGGGTTATTTTCGCGGCG
NC_008062.1	1086665	1086704	0.67964	+	GCAGCCGTCTCGACGAGCATGGCCGGGTAGCGTGACCCCG
NC_008062.1	1087443	1087482	0.64153	+	CCGATAGCGGCAAGGCCGGGCGATTGCGATACTCGGCGCA
NC_008062.1	1089648	1089687	0.73173	-	CTTTTTTTTGCCACCGGATGTTATCGGTAACATCGATGCG
NC_008062.1	1089826	1089865	0.61106	+	CCGTGCCTGGACGATATGCCGCACCGGTATGATGTAGCCT
NC_008062.1	1091022	1091061	0.71261	+	CCCTTCCGCTACGCAAAAAACCCGTGCTAACATCCCATCG
NC_008062.1	1091055	1091094	0.68756	-	TTGATTTTGCATGCCGGATGGTACCGGTAACATCGATGGG
NC_008062.1	1095781	1095820	0.70124	-	TTTTCCAACGTGCCGCTCGCGCCCGGCTACGATCCGACCG
NC_008062.1	1096060	1096099	0.64322	+	CCCCCCGGTTACGGCCAGCGCCGTCACTACGATGGCGACA
NC_008062.1	1100075	1100114	0.62054	+	GAACGGCTACGCGCCGAAGGCCGGCGATACCATCGCGCTG
NC_008062.1	1109930	1109969	0.66957	-	CCATTGGTAAGATCAGATGTGAATAGTTAAATTGGCTTGA
NC_008062.1	1111745	1111784	0.60604	-	CCTGTACCTGTCGTACTGGTTTCCGGATACGGTGCGCGCC
NC_008062.1	1112210	1112249	0.6553	-	CCAATAAATCCCGAAATACGGGATTCGTATAATTGCTTCG
NC_008062.1	1112326	1112365	0.63087	-	ACGAGGGGAAAGCGGCCAATAAGATCGTAATATGTTGCTG
NC_008062.1	1112397	1112436	0.62396	+	CCGACCTTATAAATAAATACAATCCCTTATAATGAGATTT
NC_008062.1	1112426	1112465	0.63643	-	GCGACCGTCGTTGGCGATCGTGTTTTTTAAAATCTCATTA
NC_008062.1	1112565	1112604	0.61111	+	TCGGGTCACCCGGTGTTTTTTTCTGGATATGATCGTCTGC
NC_008062.1	1117594	1117633	0.64683	+	TCGATCGGCGGCAACGGCGTCTACCATTACAATCACGGCC
NC_008062.1	1120112	1120151	0.60867	-	GACAGCGTCAGCTTGTCGCTGAACTTGTACGATGCGCCGG
NC_008062.1	1120360	1120399	0.60152	+	TGGCACCAGCTGTCGATGATGCTCGACTACGATCTCAGCA
NC_008062.1	1121361	1121400	0.72479	+	CGCTTGTGAACTGAACGCGGAGCCCGGTACGGTCAGCGCG
NC_008062.1	1121731	1121770	0.61116	+	ACATCGATCCAGCTTGATTTCATCTCTTAAAATAGGAATC
NC_008062.1	1121841	1121880	0.70901	+	TCCGGTTGCCGCCCGCACGACTTACGTTAGACTACGGCCT
NC_008062.1	1122124	1122163	0.64589	+	CCTGCTCGTCGGCACCAACGGCCGCTATACGCTGGGCCCG
NC_008062.1	1124839	1124878	0.66933	+	CTCACGGCACGTTCCGCTGCGCGACCGTACGATCTGCACG
NC_008062.1	1131884	1131923	0.7036	-	CGTTTGACAAATACCGTAATTCGGGATTACATTAAAACCA
NC_008062.1	1132128	1132167	0.65723	+	ACGATTGCAAATGCCTCTCATTTGCATTAAATTGCCGCGC
NC_008062.1	1132129	1132168	0.62747	+	CGATTGCAAATGCCTCTCATTTGCATTAAATTGCCGCGCA
NC_008062.1	1134179	1134218	0.62821	+	GCCTACGCGACCGTGCAGCTCAACGGCTACCTTCAGGTCA
NC_008062.1	1137923	1137962	0.60769	+	TTCATCGTCGACGCGTCGTTCGCCGGCTACCGTCACGCGG
NC_008062.1	1141414	1141453	0.63032	-	GGCGGCTTCGCATGGCATGCAATGCGCTATTCTGTCGTCC
NC_008062.1	1141511	1141550	0.71072	+	GGAAAGCCTGGCGAAAGCCCCGGGGGCTAGACTGCCTTCG
NC_008062.1	1144696	1144735	0.64448	-	CGGGCGGCTCACCGGCCGCCCGCGCGTATCCTGCGAGGCA
NC_008062.1	1145401	1145440	0.60842	-	CGCAAGGCCGGCATCAAGGTCGTGTCGTACGATCGCCTGA
NC_008062.1	1147453	1147492	0.6331	-	CGGCCGCAAGATCCTGTCCGGCGGCTATACGCTGGAATCG
NC_008062.1	1148813	1148852	0.69243	+	CCGCTACGTGCGGCACACGTTCCGTCCTACAATCGCCGTA
NC_008062.1	1150338	1150377	0.60844	+	GCCCGATCGCACCGGACGCCTGGCCGATATCGTGCTCGCG
NC_008062.1	1151367	1151406	0.71805	+	TTGGTTTGAGCGGCGCGGCGCAGCCCGTAGCATGGGCGCG
NC_008062.1	1155275	1155314	0.62745	-	ACCACCTTCGCCGGCGCGCGGCTGCCGTAGCGTGCCCACA
NC_008062.1	1155798	1155837	0.65095	+	GGACGGCACGCACCGCTATTCGCCGCATACACTCGCGTCG
NC_008062.1	1156847	1156886	0.61578	+	ATCCTCGATACGCGCGACCGGCTCGCGTATTCTGAACTGA
NC_008062.1	1158293	1158332	0.6431	-	TCGGTTTTCCGGCCCGCGCGGCGCTGCTAGATTGAATGCT
NC_008062.1	1158509	1158548	0.7092	+	TTATTGGAACGCTCGCGTCGCGCTTCCTATACTGGGCTCC
NC_008062.1	1158594	1158633	0.63835	+	GCTCCCGACCTTTCCACCGGTACCGATTACGATGCGCTCG
NC_008062.1	1164320	1164359	0.65729	+	CGTGCCGGCGCCGAGCGAGATTCTCGATACGCTGGCGCGG
NC_008062.1	1166648	1166687	0.72556	-	TGGTGGGTGACGCCGTTCGCGTTGGCGTACGATGCGGCCG
NC_008062.1	1166778	1166817	0.66902	+	CTGATGTGAGAGTCAAGCGAATCGTGCTAACCTGCCCTTC
NC_008062.1	1168200	1168239	0.68932	-	CAACCACCTGAGCTTCCCCTCGGCCGATACGCTGGCGACG
NC_008062.1	1171085	1171124	0.61815	+	AAATGGACGTTTGCAGCGGCGTGAGGCTACCCTTCAACTG
NC_008062.1	1171101	1171140	0.65655	-	CGCGGTCAACGTCGGTCAGTTGAAGGGTAGCCTCACGCCG
NC_008062.1	1172777	1172816	0.76042	+	AAAATCTAAAATATTCAACGACTTACGTAAAATATACTCA
NC_008062.1	1172800	1172839	0.66421	-	TGGGTGCGAAATCGTTTGCGAGATGAGTATATTTTACGTA
NC_008062.1	1173065	1173104	0.69763	+	TGTCTGGCCGGATTCGAAATATGCTCCTACAATTCCGCTC
NC_008062.1	1176534	1176573	0.68754	-	TTTAAAGACCGCGCCACGTTCGGCCGGTATGATCGCTGCG
NC_008062.1	1177117	1177156	0.6183	-	AACGCTCGCTTGCGGTCGATCTGCAGATACGGTTCACGCA
NC_008062.1	1178504	1178543	0.63817	-	GCGGCGGTCACGACCGGCCTGACGGGTACGCTGGCGAACA
NC_008062.1	1178823	1178862	0.64314	+	GTTGACGACACCCGTGCCGGTGTTGGCTACCGTGCCGACG
NC_008062.1	1179207	1179246	0.61682	+	TCCGACTGCGCCCGTTGCCGTGTTTGCTACCGTGCCAACG
NC_008062.1	1179303	1179342	0.60588	+	TCCGACTGCGCCTGTTGCCGTGTTCGCTACCGTGCCGACG
NC_008062.1	1179390	1179429	0.61682	+	TCCGACTGCGCCCGTTGCCGTGTTTGCTACCGTGCCAACG
NC_008062.1	1179774	1179813	0.63282	+	CCCGACTGCGCCCGTCGCTGTGTTTGCTACCGTGCCAACG
NC_008062.1	1179870	1179909	0.61513	+	CCCGACTGCGCCCGTTGCCGTGTTGGCTACCGTGCCGACG
NC_008062.1	1180131	1180170	0.62242	+	TCCGACTGCGCCCGTGGCCGTGTTCGCTACCGTGCCGACG
NC_008062.1	1180389	1180428	0.65688	+	TCCGACTGCGCCCGTGGCCGTGTTCGCTACCGTGCCGACA
NC_008062.1	1180683	1180722	0.65365	+	TCCGACTGCACCCGTCGCCGTATTCGCTACCGTGCCCACA
NC_008062.1	1180947	1180986	0.64222	+	TCCGACTGCACCCGTCGCCGTACTCGCTACCGTGCCCACA
NC_008062.1	1183854	1183893	0.66819	-	GCTCGGCGCCGGCAACCCGCTGTTCGATACGGTGCTGACG
NC_008062.1	1189199	1189238	0.60423	-	GGCGCGACCACGCCGCAGACCACGGGTACGCTGTCGGGCG
NC_008062.1	1190331	1190370	0.62685	-	CGGCGGCGCGCTCAGTGCGAGCACGGCTAACCTGCTGCTG
NC_008062.1	1190478	1190517	0.63433	+	CGCGGTTGTTCCGCTGCCGGTTTGCGCGAGACTGCCGCCA
NC_008062.1	1190772	1190811	0.70583	-	CGGCGGCACGATCGCGGGCGCAGGCGGTAGTCTGACGCTG
NC_008062.1	1193415	1193454	0.6864	+	CGTCGCGAGGGTGCCGCCCGTGCCGGATACGTTCAGCGCG
NC_008062.1	1193685	1193724	0.67926	+	CGTCGCGAGGGTACCGCCCGCACCGGATACGTTCAGCGCG
NC_008062.1	1193685	1193724	0.70203	-	CGCGCTGAACGTATCCGGTGCGGGCGGTACCCTCGCGACG
NC_008062.1	1195687	1195726	0.6332	-	TACCGGGTGACGAAGGGGGCTTAAAAGTAAAATATGCCGA
NC_008062.1	1195890	1195929	0.62769	-	ACGAACGGGTAGGCGGGGCGACGGCGGTACGGTTGTCCGA
NC_008062.1	1195971	1196010	0.63691	-	CCATGGAAAACGTTTGCGAGTCGAGCCTATATTTGTCTCG
