,chrom,start,end,name,score,strand,sequence,label
0,NC_000922.1,321,361,.,0,-,CTTTTGAAAAAAACTGTTTATTAAATTATAAAAAAGATTA,1
1,NC_000922.1,4059,4099,.,0,+,CGGCTTGCTTTCTTATTCTTATTGACGTATTGCTTGATCA,1
2,NC_000922.1,13241,13281,.,0,+,TTCTTTGAATAAAATACTATATATTAGTAGCTTAGTGGGT,1
3,NC_000922.1,15815,15855,.,0,+,GACTTTGATTAAATGGGATATTATTATATCCTAGTTGCTC,1
4,NC_000922.1,18517,18557,.,0,+,AGACTTGCTTTCTTTATCTATCTTCTGTATTGGAAAGAAA,1
5,NC_000922.1,21321,21361,.,0,+,TCTTGACTTGTTTCTCCTATTGGTGTATCTCTTAAAATAT,1
6,NC_000922.1,24352,24392,.,0,+,AATATTGCTCCCTTTGTTCCATTTATGTAGCGTTCAGACT,1
7,NC_000922.1,27249,27289,.,0,+,TCTTGCTTTTTGTATTTTATTTTTATATTTCGTGAATCCG,1
8,NC_000922.1,28994,29034,.,0,-,TTGTGATGACAATATCTTCTGTAGAAGCTTATAATGAGGT,1
9,NC_000922.1,36602,36642,.,0,-,CTCTTGTACTCTAAGCAGCACTTTGTTATGCTGTCTGCTA,1
10,NC_000922.1,42396,42436,.,0,-,GATTTGCCTTAAACACGAGTCTTTCCTAATCTTTAATCCC,1
11,NC_000922.1,43344,43384,.,0,-,AATAGTTACTTTTTGAAGGCTAGTACGTTATAATATAAAA,1
12,NC_000922.1,43829,43869,.,0,+,TTTTATTTGATTAAAAGGGGTTTGTTGGTATAGTTTATTT,1
13,NC_000922.1,44583,44623,.,0,+,ATCCCTTGAAGCCTAATAGAAGTAGTGGTACAATCGAGGC,1
14,NC_000922.1,49481,49521,.,0,-,TGATTTGTTTTTATATTAAAATTAAGTAAATTTTTTATTG,1
15,NC_000922.1,51208,51248,.,0,-,AAAAACGACAAATACTTGGAGATTCTTTATGCTCAATCCC,1
16,NC_000922.1,49622,49662,.,0,+,GTTTGTGCGTAAAATTCCAATGAAGAATAAAATAAGAGAA,1
17,NC_000922.1,50532,50572,.,0,+,GCATTAGACTTAAAAACAATTTGAGATGTATGATGTAGTG,1
18,NC_000922.1,55669,55709,.,0,-,GGTCTTCAAGAAAAAATCTCTTAAATGAGAAAATGAGCTT,1
19,NC_000922.1,54735,54775,.,0,+,GTTGTAGAATTCGTAAGAAGAAGATTACGATAAAATAATG,1
20,NC_000922.1,58165,58205,.,0,+,AGAGTAAAAAGAAACATTGATTTGCGCTAAGCTAACAGCA,1
21,NC_000922.1,59033,59073,.,0,-,TACATCATCTACAAAAAGTTTGTGTGCTATACTTTGTACC,1
22,NC_000922.1,67030,67070,.,0,-,ATCTATTGACATTTAAAATAGATATAGTAGGATGATGCTT,1
23,NC_000922.1,70067,70107,.,0,+,TAGGCGGAAAAAAGCTTAAAGTCTATAGTGCTTTTGGATT,1
24,NC_000922.1,70194,70234,.,0,-,TTGTTTCTAATAAAAAACAATCTTTTATAGTCAGAAGATT,1
25,NC_000922.1,72759,72799,.,0,+,CATCTTGGAGAATATCCTAAAGCTATTTACACTTGGGCTA,1
26,NC_000922.1,73573,73613,.,0,+,TTAATTGCAGTGTTAATAACATTAATTTAAAATTGCTTCC,1
27,NC_000922.1,76242,76282,.,0,+,AGTTGTGAAAAAAATCCTTTTGTTGCTATGGTGATCCTCA,1
28,NC_000922.1,78885,78925,.,0,-,ATATAATTTTTTTTGAAAAACATATTATATTTATAATAAT,1
29,NC_000922.1,78255,78295,.,0,+,ATTGTTTTATTATAATTTTAAAAATGATTATAATTTCTTA,1
30,NC_000922.1,78860,78900,.,0,+,ATCTTTTGATTAGATCTCTAATACGATTATTATAAATATA,1
31,NC_000922.1,80851,80891,.,0,+,AATTTTATTTCTTGAAATCTATTTTCTTATTTACAAATTT,1
32,NC_000922.1,84920,84960,.,0,+,AATTTAATAAATCGATTTTAATGGTATTATAGAAATATAA,1
33,NC_000922.1,87531,87571,.,0,-,TCCCTTGATCATTAGAAAATTATGTGTTAGCATTGCTCTC,1
34,NC_000922.1,89199,89239,.,0,+,GGGATTTGACTTTTTCTAAATAACAAATATAATCCTAATG,1
35,NC_000922.1,89585,89625,.,0,+,TCTATTGATGTTTTAAAATAAGTGACATAGACTAGGCGGT,1
36,NC_000922.1,90918,90958,.,0,+,TACTATCGGCGCTGGAACGATTTCAAAGATCAATGCTTAA,1
37,NC_000922.1,91916,91956,.,0,+,ATCAGTGTATTCTTATTCCTTATCTTCTTATAATTTTAGT,1
38,NC_000922.1,94793,94833,.,0,-,TCTACGTTTTTTTCTATCAATATGGATATAAATTAAGTCA,1
39,NC_000922.1,102541,102581,.,0,-,CTAGAGCAAAGTTAACCTGAATTTTGTCTAAAATAAAAGA,1
40,NC_000922.1,102265,102305,.,0,+,CCTCCTTGATAGGAATGTTTTTTTTGTTAACGTTGCCTAG,1
41,NC_000922.1,104570,104610,.,0,-,TATTGGGAATATTTTTCTGAAAACGATACAATCTTGTATA,1
42,NC_000922.1,104805,104845,.,0,-,ATTCCACTAATCTAACAGTTTATGTCATTCTAGCATTTAA,1
43,NC_000922.1,104796,104836,.,0,+,TCAGTTGAATTAAATGCTAGAATGACATAAACTGTTAGAT,1
44,NC_000922.1,124474,124514,.,0,+,TTTTTTAATATTTTTTCAAAAAAGAATATAAAATATTTCA,1
45,NC_000922.1,130011,130051,.,0,-,ATACTTTGCTGTTAACCTTTTTGTTCGTATGCTAAGATAA,1
46,NC_000922.1,129889,129929,.,0,+,TTTCTAGCAAAGGTGTTGTATAATAAGTAATATCAAAGGG,1
47,NC_000922.1,132468,132508,.,0,-,TATAGAGGGAAAATTAGTTTTTCCTCTAAACACACGATAA,1
48,NC_000922.1,132263,132303,.,0,+,ACGCATTTATTTATTCTACACTGAACTTGTTGTCTCTCAT,1
49,NC_000922.1,133952,133992,.,0,-,CCGATTGACTTTTTCCTTGAAGTCAATATAATTCTTTTTC,1
50,NC_000922.1,134888,134928,.,0,-,ACTATTGCAAAAAATATATTCATAATAAAAAATCCATTTA,1
51,NC_000922.1,137886,137926,.,0,-,ATAGAAAAGAAAGATAAGTTGTTTTATAATTCTTAATGAA,1
52,NC_000922.1,138510,138550,.,0,-,GAACTTGACCAAAATACGATGATTGAATAAAAGCTAACCA,1
53,NC_000922.1,138582,138622,.,0,+,GCTATGGACGAAAACCTAAAAAACCTCTATTGTAAATATG,1
54,NC_000922.1,143866,143906,.,0,-,AATTTTGGATCGAAAAATCTAATACGCTAGAATGTACTTA,1
55,NC_000922.1,144727,144767,.,0,-,TATTGACAACTCCAAAATCGCTATCCTATTATGCCAAATG,1
56,NC_000922.1,144671,144711,.,0,+,TCCTTGCTTTTTCATAAGATATTTCTGTAGAATCCTCTCG,1
57,NC_000922.1,147215,147255,.,0,+,TCTTGAAATGGATGGGAGAGATCCTGTATCCTCGGGGGCT,1
58,NC_000922.1,151130,151170,.,0,+,CTTTTCTCCAATAAAGCAAATGTGTGCTATTGTATGAATA,1
59,NC_000922.1,156257,156297,.,0,-,GAATTAAAAAAGAAACTCGTGTTCTGATAAAACATGAACC,1
60,NC_000922.1,157294,157334,.,0,+,GTCTTGTATCAGAGTTTTCAAAAGGGCTACAATAGAGCCG,1
61,NC_000922.1,162174,162214,.,0,-,AATACCAACAAAAATCCCTACCATGTTAAAATTGTAGGCA,1
62,NC_000922.1,164401,164441,.,0,-,ATCATTGACTTTTTACCCTTTGGTCATAGAATATGTAGGG,1
63,NC_000922.1,167358,167398,.,0,-,TTCTTTGGGAATATTCATTTCTTAATCTATCTTAATTATT,1
64,NC_000922.1,171441,171481,.,0,-,GTTCTTGGCTTTTTCTTAAAGATTGTCTTATAATGAGCTT,1
65,NC_000922.1,175930,175970,.,0,+,GTATTGATCCTATTTTCTGCTATAGGTTTTAGTGGGTAGG,1
66,NC_000922.1,177166,177206,.,0,+,GTTTTTTGATCAAATCTTGGATAGCGATATCCTCAATTTG,1
67,NC_000922.1,182389,182429,.,0,+,GTATTGCTCTTATTTATAACATGTTATAACATTGCAAGTG,1
68,NC_000922.1,183770,183810,.,0,+,TTTATTGCAATCTTCGTTTTTGCTATCTATAGTTAACTTA,1
69,NC_000922.1,184438,184478,.,0,+,AGGAAAACAAGGTAGAGAAGATACGTATGCTTTTGGTGCT,1
70,NC_000922.1,194170,194210,.,0,-,TTCTTGATTCCTCCTAGGATTTTATCCTATAATGTTATGA,1
71,NC_000922.1,195290,195330,.,0,-,ACATTGACAAAAACAGGAGCGCCCCCCTACTCTATATGTG,1
72,NC_000922.1,195088,195128,.,0,+,GTGATCGTCACATTTGATAGTAACTGCTAAACATACTTCT,1
73,NC_000922.1,199185,199225,.,0,+,CCTTGTACAAAAATAGTTAAGTTTGATAAATTCATCGGCA,1
74,NC_000922.1,204652,204692,.,0,-,TTCTCGACTAATTTTTCTTTAGAAACTACATTGACATAGG,1
75,NC_000922.1,205824,205864,.,0,+,TCATAATTCGAAAAGGCGATTGTATATTGTATAAAGTGTA,1
76,NC_000922.1,206438,206478,.,0,+,CTTAATTGTGTTTTAAATGTATTTATATTAAAATAATTTT,1
77,NC_000922.1,206950,206990,.,0,+,ATTATTTTGAAAAGATATATGAAAGGAGCTAAAATGTACT,1
78,NC_000922.1,213522,213562,.,0,-,AGCATTGACAGTATAGCAGGGGATCATTGACTATCCTTTA,1
79,NC_000922.1,217608,217648,.,0,-,CGTATTCCTTTTTTCATATATTTCCTTTACAATTTTCAAA,1
80,NC_000922.1,222620,222660,.,0,-,TTTGTATAAAAAGAAAAGAATTTTTAATAAGAAATGTTCA,1
81,NC_000922.1,222831,222871,.,0,+,TCTTGATTTTTAGATCGAGAAAAACAACAATTCTTATCCA,1
82,NC_000922.1,224166,224206,.,0,+,GATATTTGCAACAAATTTTCCTGCGTCTTATGCTTGTTCT,1
83,NC_000922.1,233358,233398,.,0,-,TTGTAGAGCTTTATTTATCACTTGTGGGAAGATATGGAGA,1
84,NC_000922.1,233146,233186,.,0,+,ACTTGCTCATATTGAGAAGTCCCCCATACTATAAAAGGCA,1
85,NC_000922.1,233964,234004,.,0,+,TATTGCACAAAAACTTCCCACTATTATAAAAGAATTTTCG,1
86,NC_000922.1,237543,237583,.,0,-,AAACATTTTAAAAATTACTTTAATAAATTTACTATCGAAT,1
87,NC_000922.1,238949,238989,.,0,+,TGTATCTTTATAAGAAGTTTCTTCTGTATATAAATTGCTA,1
88,NC_000922.1,240944,240984,.,0,+,TTGTATTGAAGATGACTAAAAATGAAAGTATAATGACTTA,1
89,NC_000922.1,246141,246181,.,0,+,TTCTTTCTAGTATGTGAAGAGTTATGTATACTTACTGTTG,1
90,NC_000922.1,248632,248672,.,0,+,TTATATAGAAAATATTCTTTAGCAAGTTTATATTTTGTGA,1
91,NC_000922.1,251271,251311,.,0,-,TCGGATAGTTGTTTTTGTTTATCGATATTCGTATTATCAA,1
92,NC_000922.1,257636,257676,.,0,-,TGCATGCTATTTAAAATAAATAATTGATAACATCTTTGGT,1
93,NC_000922.1,260650,260690,.,0,-,AAATTCCCTTTTTTTTTAAAAAACTATAGAATCAATTTTA,1
94,NC_000922.1,260623,260663,.,0,+,TTTATCGGATTTTAAACCAACTTTTTATAAAATTGATTCT,1
95,NC_000922.1,261576,261616,.,0,+,ATCCGCTTTATATAAACATTTTATTTTATCTAAAATTAGA,1
96,NC_000922.1,262898,262938,.,0,+,ATATGGAATTTTTATTACGAGTTTCATTAAAATGTTCGGC,1
97,NC_000922.1,266134,266174,.,0,-,TGCTTTTGAATTTTATGTTTTTTGTTCTATTAAGCAATTA,1
98,NC_000922.1,266267,266307,.,0,+,AGTACTTTCACTTTTATTCTACTGCTTTTATTAAGGAAAA,1
99,NC_000922.1,269202,269242,.,0,-,GTTCTTCTCATTAAGGTGAGATTTTCCTATACTTTCTTTG,1
100,NC_000922.1,270151,270191,.,0,-,AATTCTATTTAACAGATCTTTTTCTTATACAATGCGAAAA,1
101,NC_000922.1,270298,270338,.,0,-,GACTCCCGATTTGAAAATCGTACTCTGTGCTTTTGTCAGT,1
102,NC_000922.1,271268,271308,.,0,-,TTTTACAAAATAAAAATCTCGAAGGGATATTATTAAGTTA,1
103,NC_000922.1,270938,270978,.,0,-,AAGTCCCTCAATCAGAGATTACCATACGTTATGATACCTA,1
104,NC_000922.1,271339,271379,.,0,+,AATATTGCGTTTTATAAAATGCATCACAATAATCCTGGTA,1
105,NC_000922.1,277940,277980,.,0,-,AGAGTTGAAGTTTTTAAATCATTAAGATAAAATACTTCTG,1
106,NC_000922.1,278692,278732,.,0,+,AGGCCTACAATTAAAGCTGCTAAAGATATCGTAATAATTA,1
107,NC_000922.1,279382,279422,.,0,+,TCTTTGTTTAAAAATAGTCATTTTTTATTTAATGCAAGGA,1
108,NC_000922.1,279954,279994,.,0,-,TTATTCCAATTAAAACTAAAAATCTTTAAAATATTGTTCT,1
109,NC_000922.1,280590,280630,.,0,-,TAACTTTATTTTTTTTAATAAATAAACTATAATTATTTAG,1
110,NC_000922.1,280693,280733,.,0,+,CTATATTTACAGTATTTTGAAAAGATATATAGTAGTCCTA,1
111,NC_000922.1,281676,281716,.,0,-,GACTTGAGTTTCAATAGCACCCTGTTTAGAGAAAAAATCA,1
112,NC_000922.1,282601,282641,.,0,+,ACGTTCTTTCTTTCTAGGATCTCTAGTAAGAAACCCGCAA,1
113,NC_000922.1,283438,283478,.,0,-,TTGTTTGGAAAAAAATTTGAACAGACTTATAATCGCCCTC,1
114,NC_000922.1,286086,286126,.,0,-,TTCTTGATTCTTTTTGAAAAGAAATATAGCATAGTAAGCG,1
115,NC_000922.1,293496,293536,.,0,-,AAGTTACTTTCTGATTGAGAATAAAACTTTCTTTTTGAGA,1
116,NC_000922.1,294236,294276,.,0,+,TTTCTGGATTTTTAACAGCGATTTCTTAAGAATAATATTC,1
117,NC_000922.1,295041,295081,.,0,+,ACTTTGTTATTAATTAATTTTTAATATAAATAAGGAAGTA,1
118,NC_000922.1,296025,296065,.,0,+,AATTGTGATTAAACTATTTCTTCTGGTAAGTTTATGCTCC,1
119,NC_000922.1,297708,297748,.,0,-,GTTTTGGAGTTTGAGTAGATGAAGCGTTATGTTGTGGGCA,1
120,NC_000922.1,298626,298666,.,0,+,TATCTTCTATATAATTATTTTTTTATTTATAAAAAAAATA,1
121,NC_000922.1,299119,299159,.,0,+,TAATCTTGATTTAATTGATTTTTCTAATAAAATTATTCGA,1
122,NC_000922.1,303569,303609,.,0,+,ATTATTGATCCCTAATTCCCTTCGATATAACGTGGTAACT,1
123,NC_000922.1,311276,311316,.,0,-,CTTATTGACTTTTTTCGTTTCTGTGGATATAAGAAGTTTC,1
124,NC_000922.1,314990,315030,.,0,+,TTCCTTGACAAATCCCTGGGTTAACCCCAAACTGAGCTCT,1
125,NC_000922.1,317517,317557,.,0,+,TCTAAAAAGAGCTAATCTAAAAGCATTTTTGGGAAAAGAA,1
126,NC_000922.1,317605,317645,.,0,-,CAAGGAGAGATTGAAACTTTTTGCAGGAGAGCAAATTTGA,1
127,NC_000922.1,317638,317678,.,0,+,CTCCTTGACAAATAAGTCCTGTTTGAAAATATCCTAAATA,1
128,NC_000922.1,320628,320668,.,0,-,AAACTTTCTCTTTTTTAATTAGTTTTGTATAATATTTTCG,1
129,NC_000922.1,322354,322394,.,0,-,CTATTTTGGAAAAATAAGAATGTGTGTTTAGGTAAGCTTG,1
130,NC_000922.1,325823,325863,.,0,-,AAAGAAGTAATAAAAGATTATTTTTTTTATAATGAGAGCG,1
131,NC_000922.1,325049,325089,.,0,+,GCTCGTAAATCATTCGGAAAATGATATAAAATGGAACCAC,1
132,NC_000922.1,325751,325791,.,0,+,CAAAGAAAAGAAATTCACGAATTGTTATACTTATTTACCA,1
133,NC_000922.1,328598,328638,.,0,+,GATTGAAAATAACGTTTTTCCTGGCCTAGTATGTTTGGCA,1
134,NC_000922.1,330048,330088,.,0,+,ACGGCACTCTCTCTCTAGCTGAAGGCTTATTCATTGAAAA,1
135,NC_000922.1,330521,330561,.,0,-,GCGACTTTAGAGATTTTGAAACATAGAATACGATAGGGAA,1
136,NC_000922.1,333612,333652,.,0,-,ATATTAAGAAACGTCAAGCTGAACAATAAACTTTCTTATA,1
137,NC_000922.1,333719,333759,.,0,+,TTCTTCTAAAGTCATAATCAATTCTGTTAAATCTAAACTA,1
138,NC_000922.1,336014,336054,.,0,-,CTATGGAGGGAAAAGAAGTTTTTAAGCATGCTGTGAGACG,1
139,NC_000922.1,336732,336772,.,0,-,TTAAGGTTAGAGTATAAACTCTCTGAATAGTATACTAGCT,1
140,NC_000922.1,336444,336484,.,0,+,AATCTGGTGCTGCTGTCGAGAAAATGATACAGTCAATCTG,1
141,NC_000922.1,336731,336771,.,0,+,AAGCTAGTATACTATTCAGAGAGTTTATACTCTAACCTTA,1
142,NC_000922.1,337694,337734,.,0,+,GTCTTGTTAAAAAACTTCTTTGTCCCTATTTTTGTGCTTA,1
143,NC_000922.1,340186,340226,.,0,+,TTTGTTGTTTTCAGAAAAGGCTTTTGGTACCCTTTTTCTA,1
144,NC_000922.1,343055,343095,.,0,+,GCCCTTGTCTTTTGAAACCTAGGCTCCTATAATGAGATCA,1
145,NC_000922.1,349011,349051,.,0,-,GTTCTTTTTTTTTTTTCAAATTTCGCATATGGAGGGTTCT,1
146,NC_000922.1,349171,349211,.,0,+,ATTATTGACAACAATTATATAGACAGATTAAAATTATTTA,1
147,NC_000922.1,351007,351047,.,0,-,AATACTGAAAAAAAAGTCGAATTGTCTTAATACAGGCTTA,1
148,NC_000922.1,349682,349722,.,0,+,TCATGGCTATTTTCTTCTATTTTTTGTTCAATCAATCGTA,1
149,NC_000922.1,354460,354500,.,0,+,CAGTTAGCAAAAAATTCATACTCCAAGTAAAATAGAGTAT,1
150,NC_000922.1,356441,356481,.,0,-,GAGATTTGAAACTTTAGTCTTAAATCCGTATAAATTAAAA,1
151,NC_000922.1,356772,356812,.,0,+,TTACCACACGTATTTTATAAAATCTGGTAATATAGAAAAG,1
152,NC_000922.1,365989,366029,.,0,-,AAAGTATTAGGTAGGGAAAACTTCAATCGATTATAGTGGT,1
153,NC_000922.1,366168,366208,.,0,+,ACTCTTGAGAAAAACAAGAGCATAAGGTAATTTGCAGATA,1
154,NC_000922.1,369327,369367,.,0,+,ATTGACAGCAATTGATGTAAGAAGATATGTACGAAAATTA,1
155,NC_000922.1,372853,372893,.,0,+,CTCTTCCCCATATATTCGAAAAGCTCTAGTATAGATTCCT,1
156,NC_000922.1,378473,378513,.,0,-,TTTTTTAAATTAATTATTTTTTGTTTTAAAATTATAAGTA,1
157,NC_000922.1,379123,379163,.,0,-,ATTAGTTTATTCTTAATAAGTTTTTTAATTAAAATTAGTT,1
158,NC_000922.1,379227,379267,.,0,+,ATCAAGCTAAGAATCCTATGCTTTGCTATATACAAGTCTG,1
159,NC_000922.1,382051,382091,.,0,-,CTTAAGAAGGAAAAATTGCTTTTTGTTATACTGGTTTTTG,1
160,NC_000922.1,382169,382209,.,0,+,TAGAAGACCAGAAAATCACTTTGTAGTAATATCCCGATCG,1
161,NC_000922.1,383225,383265,.,0,+,GCCTTTAATCCCTTTTTCTTTTTAGATATCCTGAAGCATA,1
162,NC_000922.1,384571,384611,.,0,+,ATATTCTTTTTTAATAAAAAACTTATTTAAAATAATTATA,1
163,NC_000922.1,388598,388638,.,0,-,GAGAATTGACAATTCCTCGACTTGCGGAGTATGATTCTCT,1
164,NC_000922.1,389522,389562,.,0,+,ACCTGAACAGGAAATAGCAAGGAATACTATAATCTGAATA,1
165,NC_000922.1,392803,392843,.,0,-,TATTTTGAATAGAACTTGTTTTTCTGGTACTTTAAGTGGT,1
166,NC_000922.1,393086,393126,.,0,+,GCGCTTTAATTTTATTTCTCTAAACATTAAATTGAAAGTA,1
167,NC_000922.1,395515,395555,.,0,+,TTCGTACGCTTTTTTCAATCAAAAGGTTATAATAACCGTG,1
168,NC_000922.1,397095,397135,.,0,+,AAACATTTCTATTAATAGGATTTTTGTTAAATTTACGATA,1
169,NC_000922.1,399915,399955,.,0,-,ATTAGAGATTTTTATTTACACATAATCTATACTGCCTTCA,1
170,NC_000922.1,401822,401862,.,0,+,CCTTGTGGTTTCTACATCTCATCTATTATACTTTCATCTA,1
171,NC_000922.1,405482,405522,.,0,-,CTAATTGAACAAAAAGGGGTATATATTAATAATGTGCCCA,1
172,NC_000922.1,407847,407887,.,0,-,TAAATATTGTTTAAAAATTTTTTTTGAATTAATCTAATAA,1
173,NC_000922.1,410233,410273,.,0,-,TTGTATTAATATAAAATTTTTATTTTCTAAGATTAGAAAG,1
174,NC_000922.1,409784,409824,.,0,+,GATCTTGTCGACTATTTCCTTCTATGCTAACGTTGATCTC,1
175,NC_000922.1,410281,410321,.,0,+,CTGACGAACTCTTTTCTAAGTAGTTATGCGACTCTTTGCA,1
176,NC_000922.1,410381,410421,.,0,+,ATTTAACTAAATAAACTTATTATTTTTTATATTTACTTAG,1
177,NC_000922.1,413046,413086,.,0,+,TTTTTGTAAAAAACAACAAATTAAGATATAATCTTTTCCT,1
178,NC_000922.1,414287,414327,.,0,+,AAATCTAATAAAAATACAAATTAGTAATATAATAGTTGAA,1
179,NC_000922.1,417039,417079,.,0,+,TTTCTAACTTTCTAAACCACGCTATACTTTCTCAAGCAAA,1
180,NC_000922.1,417621,417661,.,0,+,TACATTGCATTTAAAATAGAAAACTATAAAATTATAGGGC,1
181,NC_000922.1,418314,418354,.,0,+,ATCAGCTTCAACAAAATTCTCTCGGCTTTTATAATTGATA,1
182,NC_000922.1,426200,426240,.,0,-,TTTTTTTTTTGAAAAATAAAAATTTGCTATGAAGCAGACA,1
183,NC_000922.1,426140,426180,.,0,+,ATACTTGCCCCACAAACTCGGAATCCATAAAATAATTAAA,1
184,NC_000922.1,429827,429867,.,0,-,CTATTGCGTGTTATCAATACTTATTTTATAATCTTTGCCA,1
185,NC_000922.1,428555,428595,.,0,+,GATGCTTGGTAAATATAGAGATTGTGCTACGATTCGTGCA,1
186,NC_000922.1,430106,430146,.,0,-,GAACTTGTTCTCACACGCCAAGTGCAATCATGGAGAACTA,1
187,NC_000922.1,431758,431798,.,0,-,CGTTTTTCTTTTTAAGGTTAAAAAGCTTTATAGAGCGAGA,1
188,NC_000922.1,432408,432448,.,0,-,TTATTAAAGTTTTCAATCGTCCCTGCCGATAGATCAGGTA,1
189,NC_000922.1,435227,435267,.,0,-,AAATCGTTTACTAACAAATCACTCTTATGGTAACTTGAAA,1
190,NC_000922.1,435289,435329,.,0,+,CCCTTGTATTTCTGGCGCCGTTATGATATCTGATCGACGA,1
191,NC_000922.1,438386,438426,.,0,-,ACGTAGCAGAAAAAGCTTTGGCTATGCTATTAATAGATGA,1
192,NC_000922.1,439224,439264,.,0,-,AGTGTACTTCTATATAGTATCTCGTGTACTATGCCGAGTA,1
193,NC_000922.1,439598,439638,.,0,+,AGGTTTGCCTTTTTCCCTTAGGATTATCTAACATTACCTC,1
194,NC_000922.1,444624,444664,.,0,-,GGCTTCCTAAACAATCAGATAAGGTGTATTCTTATCGCCA,1
195,NC_000922.1,445181,445221,.,0,-,TGATTTCGTCAGGAAAATTCAATTCTTTATAATAATGATA,1
196,NC_000922.1,445268,445308,.,0,+,AAATTTGATAAATAATCGCCCTAGAGCTAGGCTGGAAAGG,1
197,NC_000922.1,447421,447461,.,0,-,GTGCTTTTGAAAAAACAGAATATATGCTATCAAAGAAGGG,1
198,NC_000922.1,448177,448217,.,0,-,ATGATGGCAGGCTTATATGAATTTCCTTATATTGAAGTTG,1
199,NC_000922.1,448979,449019,.,0,+,AGCTATCTTTGTCATACAAAATCTCTTAAAATTTTATGCA,1
200,NC_000922.1,451834,451874,.,0,+,AAAATTTAAAGAATTTACGTTTCTATTTACATTGGAGGCA,1
201,NC_000922.1,453970,454010,.,0,+,ATCTGTACTTGGAAATCATTGTACTATAATTTATATAGCA,1
202,NC_000922.1,454548,454588,.,0,+,AAGATACAAAAAAAACAACAGACGAATCAAGATTAGATCT,1
203,NC_000922.1,455001,455041,.,0,+,ATCGATACAATAAAGCTAGTCTGTGATAGTTTTTCTCATG,1
204,NC_000922.1,461461,461501,.,0,-,GGCTTGACTCTAATTTTTGTTATTATTATCGTTTGGTGCA,1
205,NC_000922.1,461470,461510,.,0,+,CGATAATAATAACAAAAATTAGAGTCAAGCCCGGTAAAAA,1
206,NC_000922.1,462096,462136,.,0,+,CACGTGACTTCTTTAATCTAACTTGGTAAAGTGCTGGTCT,1
207,NC_000922.1,463077,463117,.,0,-,GAAATCGACAGAAAACAAGCAATTACATATGCTCTGTCTA,1
208,NC_000922.1,464526,464566,.,0,-,TTATGGACAGTTTTTTGTGATTGCTTGTATACTATCTTGA,1
209,NC_000922.1,463768,463808,.,0,+,AAATGTGCCATGAAAATCGAGATGATCTAAGGTAATATTA,1
210,NC_000922.1,468028,468068,.,0,-,AAGGCTTTCTTCTTTCTATGGAATCCTGTATCTTTGTCCT,1
211,NC_000922.1,467374,467414,.,0,+,AGCTTGAAAAATCAAGGTGAGTGGATGTATTTTTCTATGA,1
212,NC_000922.1,468177,468217,.,0,+,CTATTGACTTTTTCCTAGACCGCACTATCATCTAGAGATA,1
213,NC_000922.1,469358,469398,.,0,+,CAATTTGCCTTAAAACCTAGTAATCGGTAGAGTTATTTTA,1
214,NC_000922.1,473903,473943,.,0,-,TTTTTCCTGAATTTGAAATCTTCCTTTAAAATCTAAAATA,1
215,NC_000922.1,475247,475287,.,0,+,CCGTCGGCTTTTTTCCTACTTGGTATTATGATTTGGCTTG,1
216,NC_000922.1,479377,479417,.,0,-,CCTGCCTGGTTTTTTTCTCTGCTATCGTTTACACTACGCT,1
217,NC_000922.1,481710,481750,.,0,-,CTCTTCGCTCTAAACCAGCAAATTTGGTAAAATTCCTCTG,1
218,NC_000922.1,481747,481787,.,0,+,GAGTTGCATCATTATTTTAAATTTCGTATATGCTTAAGGA,1
219,NC_000922.1,485496,485536,.,0,-,TTTGAGGAAATAATTTAAGAAAAATGGTATTTTTAGTCAA,1
220,NC_000922.1,485492,485532,.,0,+,CTAATTGACTAAAAATACCATTTTTCTTAAATTATTTCCT,1
221,NC_000922.1,486818,486858,.,0,+,TATTAGATAGTAATTTAAAAATTACGTATATTCCATTTCA,1
222,NC_000922.1,488630,488670,.,0,+,GAGAACTAACTAAATCCTATTAAATCTTATAATAGTATGA,1
223,NC_000922.1,494702,494742,.,0,+,CCCTTGATTTCTTTTTTTCTTTACAGTATTTGCTAATTTA,1
224,NC_000922.1,500499,500539,.,0,+,CTCTTGCTTTCTTTAATTTATTGCAGTATGTGGTGAAATA,1
225,NC_000922.1,503567,503607,.,0,+,CGTCTTAGAATCCAAAGACTTTTTAGTATACTAAGACTGT,1
226,NC_000922.1,508136,508176,.,0,-,TCTTGACTCTCTGAGTTTTCTATTTTATATGACGCAAGTA,1
227,NC_000922.1,508208,508248,.,0,+,AACTTGATTTACTTATTTTGTTTCTATATTGATGCGAATA,1
228,NC_000922.1,513196,513236,.,0,-,CATTTGCACGTAGAGATGAAACCAGATTATCCTACAAATA,1
229,NC_000922.1,513169,513209,.,0,+,GTACTTGTTTTTTTACAGCCTTTCCCTTATTTGTAGGATA,1
230,NC_000922.1,521565,521605,.,0,-,CAAATTGTTTATTTTGTATTTTTGGCACATCATTTAAATT,1
231,NC_000922.1,523060,523100,.,0,-,CAAGGTACGTTGAATCAGATTCAGGAAGAGTTAGAAAAGT,1
232,NC_000922.1,528666,528706,.,0,-,CTTATTTGTTTTAATGTCTTATTTGATTAAAATAACTTTG,1
233,NC_000922.1,531146,531186,.,0,-,TAGTTGCGATAGAATTCAATTTTTTATATAAAAACTATCG,1
234,NC_000922.1,531067,531107,.,0,+,TTGAAAATGAAAGCGTACGCAGGCTATATAAAGATTTAAA,1
235,NC_000922.1,533439,533479,.,0,-,TTTTTGGTTCTCAGGGTCGTTTGCCTTTAGGGAGCTTGTG,1
236,NC_000922.1,533661,533701,.,0,+,ATTATAGACAAAAAATCTAGCATTGATTTATTCAGAATAT,1
237,NC_000922.1,539615,539655,.,0,+,ACTTCTAGACAACAAATTGATGATTTTTTATGACAAACTC,1
238,NC_000922.1,547960,548000,.,0,+,AACAACAAAAATGCTTTTAAATATATTAAAATAATCAACA,1
239,NC_000922.1,551591,551631,.,0,-,GTGTAGTTGATATTAATAATTTATTTTATAATTAAAAATA,1
240,NC_000922.1,553867,553907,.,0,-,CTCTGGAGATAAAAGCAGGAACCACATATTTATGGGATTG,1
241,NC_000922.1,556140,556180,.,0,-,TTTGTTAGTGAGAAAAAGAGTGATATTTTAAAATAGCCAC,1
242,NC_000922.1,558520,558560,.,0,-,TACTTGGAAACTATGGTTTAAAAAGCTATAGAGGATTCTA,1
243,NC_000922.1,561770,561810,.,0,-,GAGTTTGATGTATTTATTTTTTTATGTAAACTTTAACACA,1
244,NC_000922.1,565958,565998,.,0,+,TTATTGAATAGTAAATACTATTTTCACTATCTAACAGCCA,1
245,NC_000922.1,567945,567985,.,0,-,TGTTATAGATTTTTATCTGGTAGCTTTTATAATTTATGAA,1
246,NC_000922.1,570986,571026,.,0,-,TGCAATTGAGAATTATTTCTCTCTGGTTACAATGGAGGAT,1
247,NC_000922.1,571151,571191,.,0,+,CAAATTGCACAAAATTATAACAACAAGCAGAATGAAGTCC,1
248,NC_000922.1,574567,574607,.,0,-,ATTGCGAAATAAATACTTTCTTCTCTATACACTGTCTTTA,1
249,NC_000922.1,575351,575391,.,0,-,AGATTTGAAAAAATTTTTTAGGTAATTATGATAAGGGTCA,1
250,NC_000922.1,579075,579115,.,0,-,TGCGGTGGTTTGTTTATTGTTTTTTTGAATTTTTGTTATA,1
251,NC_000922.1,578894,578934,.,0,+,TTCTAGTAAACGATTGACTACAGGAATATACTTATCAATA,1
252,NC_000922.1,580397,580437,.,0,-,TTTATTTAGAAATTTAATAATCTCAACTTATAATTAAGTG,1
253,NC_000922.1,580502,580542,.,0,+,AAACATTGATCTAGAAAAATCCCTGTGTTAAGATACCTCC,1
254,NC_000922.1,582425,582465,.,0,+,TCTCTTGACCTTCTCGGGTTCTTTTCCTATAATGCTCTCA,1
255,NC_000922.1,586316,586356,.,0,+,AGGAGTTGCAATAACAGAGCTTCTTTAGTACAATTGGCTT,1
256,NC_000922.1,589096,589136,.,0,-,TTTCTTTACTATACAGCTTAAGATTATTTAAGATAAAACT,1
257,NC_000922.1,589096,589136,.,0,+,AGTTTTATCTTAAATAATCTTAAGCTGTATAGTAAAGAAA,1
258,NC_000922.1,589853,589893,.,0,+,CTTCTTGAAAAAAAACTCTTCTTTTACTATCCTTTTTCTT,1
259,NC_000922.1,592067,592107,.,0,+,TCTCTTTGCAAAAAAGCTAAAGATTTATCAGAGTGAAAAC,1
260,NC_000922.1,592483,592523,.,0,+,GGGATTGAGAAAAACCTCACTGTTAGTATATGATGGCGCT,1
261,NC_000922.1,600804,600844,.,0,-,GATCTTGCTCTCTAACTGGGATTTTTCTATAATCGTAATT,1
262,NC_000922.1,604651,604691,.,0,+,TCCGTGACAAAAAAGACCCCACTACTTTAAAATGCTTTAT,1
263,NC_000922.1,605039,605079,.,0,+,TTTCTCGGATCGATAAACAAAAATTTGTTAAAATTATAGA,1
264,NC_000922.1,612338,612378,.,0,-,ACTTGATTTTTAATCTTTTCTTCTGCAATACTAGCATTCT,1
265,NC_000922.1,614842,614882,.,0,+,AAAACTTTGCAACTATAGTCTCTTATATTTATCCTGATCT,1
266,NC_000922.1,616267,616307,.,0,+,TTCCTACAAAACAAACTGAAAAAAAGAGATAATATAGATC,1
267,NC_000922.1,617762,617802,.,0,+,TTTTAGAAAAAAACACTTCATAGAAAGTAAAATAAAAGAA,1
268,NC_000922.1,621618,621658,.,0,+,TCCCTTGCCTAATTTATCCATCTGATTTATCTATCACTTA,1
269,NC_000922.1,627017,627057,.,0,-,ATGTTGATAAAAATGGAAAGGTTAAGATATGTTCTCGGCA,1
270,NC_000922.1,631452,631492,.,0,-,TCATTGATATTAAACTGAATGTTTTCCTATGATAACTGAG,1
271,NC_000922.1,636618,636658,.,0,-,CCTTGCCAACAAAGAGAGCCTTACTCTATATTTCCATGCT,1
272,NC_000922.1,638115,638155,.,0,-,GAGGTTGTAAACTAAGACGAGGTAAGGTACTGTTTGAGAT,1
273,NC_000922.1,637800,637840,.,0,+,TTTAAGTGTTTTCTTACCTTCTTCTTTGTATAATACTTGT,1
274,NC_000922.1,638239,638279,.,0,+,TGTGCTAAAGCCCTTGGGCTTCGTGCCGATGTTACGAATA,1
275,NC_000922.1,643395,643435,.,0,-,TAATTGATAAAATTTTTATTTTCATTTGTAATATTGTTCA,1
276,NC_000922.1,643685,643725,.,0,+,TCATTGAATTATAACAAAATAATTTCGTAACATTAAAAAA,1
277,NC_000922.1,646489,646529,.,0,-,AAAGCTTGATTAATAAAGCTTTTTTTAGGAAAATGCTTCT,1
278,NC_000922.1,654380,654420,.,0,-,TCGTTTGACGATTTTTTTTTCAACTGGTATTTTGGTTTTA,1
279,NC_000922.1,654454,654494,.,0,-,TTAGGAAAATTAAAAATAGTATTTTGTAAAAGATACAGAA,1
280,NC_000922.1,658403,658443,.,0,+,GGATTTGACAATAAGACAAGTTCTGGAGAAAATTTTAGCT,1
281,NC_000922.1,660666,660706,.,0,-,ACTTAGCATAAGGGGAGTCTTGGATATGGCTGTCACGGAA,1
282,NC_000922.1,662153,662193,.,0,-,TTGAATGGCAATAAACCTTCGAGAAGGTTAACGTTTCTTT,1
283,NC_000922.1,662275,662315,.,0,+,ACAGAGATAAATATAATTAATATTATTTAAAATATAATTA,1
284,NC_000922.1,667620,667660,.,0,-,AATTGACTTTATTGGCTTTTGTTTTCTAGAATCTTGATTG,1
285,NC_000922.1,667809,667849,.,0,+,TTTTGACGAGAAACCTCTCTGAGAGATAAAAAAGTTGGGA,1
286,NC_000922.1,671463,671503,.,0,-,TTTTTAAGACAATGTTGGATTTATAGTATGTTGGTAAGCG,1
287,NC_000922.1,671009,671049,.,0,+,CGGGTGACCCAGAACAAAAATTTATTTAAAATTGGATACA,1
288,NC_000922.1,672186,672226,.,0,+,TCTCTTGCGATAATTAGAACAGAAACCGTACATTCGTGGC,1
289,NC_000922.1,672333,672373,.,0,+,TCAGGTTGCCAATAAATTGTTTTGTCGTTTTTCTTAGGGA,1
290,NC_000922.1,675962,676002,.,0,+,AGTTTTGCTTCATTTTTCAAGATTTAGTAAAAAGAAAAAA,1
291,NC_000922.1,677202,677242,.,0,+,TTCTTGTTTTTCTCAATAGCATCTGGTAAGCTGATTTGCT,1
292,NC_000922.1,677342,677382,.,0,+,TTCTTTTTTTGAATAGGTATTTCTCCTTATAATAGAGCTA,1
293,NC_000922.1,680264,680304,.,0,-,TTTCTTGAGGTAAAGGGTACAGCCTCGGTAAGCTAGTTTC,1
294,NC_000922.1,680307,680347,.,0,+,AGTATTTCCCTACCACGAAAAATCAGGTACATTGTCCTAA,1
295,NC_000922.1,682601,682641,.,0,-,TCCTTTGTCGAAAGAGGTTCTGAAAAGTATGTTTGCAGTA,1
296,NC_000922.1,682518,682558,.,0,+,CACTTGCCACTATACACAGGTCATCGTAAAATCCCTCGTA,1
297,NC_000922.1,684763,684803,.,0,+,TGGCTTGAAAGTGTAACCATTATCAGTATATATCAAGATA,1
298,NC_000922.1,692146,692186,.,0,-,TTCTTGACCCATTCATAGTCCAAAGCATAACATGGTTACA,1
299,NC_000922.1,692663,692703,.,0,-,TATTTGCAGATTATTTTTCTTTTTTTATATAGTGCCTGGA,1
300,NC_000922.1,695973,696013,.,0,-,CGCTGGATAAAAATTTCTTATCTAGAATATGATGCAAAAA,1
301,NC_000922.1,698911,698951,.,0,-,TGTTGGCCTTTTTATTTGTTTCTAATTTAAAATTAAATTA,1
302,NC_000922.1,700032,700072,.,0,-,AGAAAACCAATAGTAACGCAGAATTCTTGTTGTCACTCAA,1
303,NC_000922.1,702010,702050,.,0,-,TCTTAATTGGAAAAAATTGGGCAGAATGTTAAAATTATTA,1
304,NC_000922.1,702630,702670,.,0,+,TAATGACTTATCTTGGCTTAAATGTGCTAAAAATCTTAAC,1
305,NC_000922.1,707542,707582,.,0,-,ACCGCTTGAACTTTACGGCGCGTTGCAGTAAAATGGAGTC,1
306,NC_000922.1,708180,708220,.,0,-,ATGCTTGTTTGTAGATTTAGCATGCTCTATAATGGGGCCG,1
307,NC_000922.1,708490,708530,.,0,-,CAAGTTGACATTTTTCATTTTGATAGTTAACCTATCCTAA,1
308,NC_000922.1,708653,708693,.,0,+,CACTTGAGGGATATATGCTAGATAACATAACCTATCTAGA,1
309,NC_000922.1,710182,710222,.,0,+,CGATTTGTCTTAAAACCCAAGAATCAGTATAGTTGTTTGG,1
310,NC_000922.1,715776,715816,.,0,-,ATTAGGACAAGAACTCAGTCGTATGCTATACGATGAATGA,1
311,NC_000922.1,716054,716094,.,0,-,TCATTGATCTAGAAAAAAAACTGTGATAAGATGTTCTTTA,1
312,NC_000922.1,718071,718111,.,0,-,AAATAGAATTGGTGATAATGCTCAAAAGTGTATTATAGAG,1
313,NC_000922.1,720451,720491,.,0,-,GACATTGAAAAATAACAATTTTTGACCTAAGATGCTTATA,1
314,NC_000922.1,730435,730475,.,0,-,TCCTATTGTAAAAATCTTCCCCCTCTGATAACCTGTCCCT,1
315,NC_000922.1,738101,738141,.,0,-,TCGCTTGCCTAAGCCACGATTTTGTGATACAATAAATATC,1
316,NC_000922.1,738366,738406,.,0,-,AAGTCCTTGTTCCAGGAGCTGTATTGCTCTTATTTGGTGA,1
317,NC_000922.1,739261,739301,.,0,-,TATGTTCAACATAATTCTCGGCTCTGATAGTATTTCTGAT,1
318,NC_000922.1,739341,739381,.,0,+,TTTCTTTAAAAAGTTTCTTAATTGTGTTTTTTATTATCTA,1
319,NC_000922.1,744356,744396,.,0,-,TTAGTTACAAAAACCATAAGCTAGCATATAATTATGGTCG,1
320,NC_000922.1,744908,744948,.,0,+,CCCTCCTTGTTTTTTCATCCTTGATATGGTAAAGTAGGCT,1
321,NC_000922.1,751071,751111,.,0,-,TTTTTATTTGATAAAACATTTCTTTATTGTGTAAAATACA,1
322,NC_000922.1,751141,751181,.,0,+,GGCATTTGACAAATTCTGTTTTTCTTTTTTATGATGGCGT,1
323,NC_000922.1,752445,752485,.,0,+,GGTATTGACAAGAATATAGGTTTTACGTATGCCCCAAATA,1
324,NC_000922.1,753643,753683,.,0,-,GGACTTGACGGCTCTGAAAATAAAGAATTACCATAAATCA,1
325,NC_000922.1,753438,753478,.,0,+,TAATGTGAGTTTATCTTTAGATTCTGCAATAATAAAATCG,1
326,NC_000922.1,761348,761388,.,0,-,TGTTTATAGATAAATTAATTTAATTCTTAAAATTAAGTAA,1
327,NC_000922.1,762959,762999,.,0,-,TTTTCTTTGCTTTAAGAGCTTTGTTCCATTAAAAATAAGA,1
328,NC_000922.1,764943,764983,.,0,-,AAGTCGTTTACAAGATCGTTTAGGCAAGTTATTATTGCGA,1
329,NC_000922.1,764921,764961,.,0,+,GTTTGCATAAGAATAGCCTTTTTCGCAATAATAACTTGCC,1
330,NC_000922.1,767016,767056,.,0,+,TAGAGCATTCCGAGCTGCAAACACAATTGTAAATACAAAA,1
331,NC_000922.1,768160,768200,.,0,-,AGAGCTTCACTTCTACAACCATGTTTGATAGAAAAATTTC,1
332,NC_000922.1,768395,768435,.,0,+,AAATTGAATGCGAATGCTAAATTGCGATAACATAAAGTGA,1
333,NC_000922.1,774969,775009,.,0,-,GTTATACTGAAAAAATAATCTGTGTGCTATCTTAGCTTTG,1
334,NC_000922.1,775134,775174,.,0,-,TTAGAAGACAAAAATTTTTTATTTCCCTAGAATGGCTTTG,1
335,NC_000922.1,779680,779720,.,0,-,ATTCTTCTTAAATATCGTGCTTCTTTTTATTATTGTATTT,1
336,NC_000922.1,779909,779949,.,0,+,TATAATGAAAAGAATATACAAAAAAGCTATAGCTTTCCTA,1
337,NC_000922.1,781560,781600,.,0,+,CGCTTGCGTTAAAAGCATTATTACACTACTACACCCCTTA,1
338,NC_000922.1,784687,784727,.,0,+,AACAAAGCAAAAAGAAGCTGAAATAGCTTCAATATAAGTA,1
339,NC_000922.1,784777,784817,.,0,+,AAGATTGCTCTAAAGAGAGAAAATTAGTAACATTTATTCG,1
340,NC_000922.1,784875,784915,.,0,+,GTTCGAATCCCCTTGGGGTCAAAGTATAAAATTAACAAGA,1
341,NC_000922.1,786785,786825,.,0,-,ACTTTATGTTTTCTTGGCTTTTTTGTTCCCTACTTCCTAC,1
342,NC_000922.1,786908,786948,.,0,-,TAATAGAAATAGAAGCTCAGTAGTGGTATATAAAAGAGGA,1
343,NC_000922.1,789767,789807,.,0,-,GAGTTGCAAGATAGAAGGCAAAAAGCTATATTCTGTCCCA,1
344,NC_000922.1,800029,800069,.,0,-,ATCGCTTGACATATACAGCTTTCGAAAATACTCTAAGCTT,1
345,NC_000922.1,801378,801418,.,0,+,TTCCTTGATTAGGAAAAAGAGGTTCGGGTAAGATGCGTTT,1
346,NC_000922.1,804943,804983,.,0,+,GATGGTAAAATATTTTCTTTTTAAATTAGAATTAAATTTA,1
347,NC_000922.1,805854,805894,.,0,+,AAATCGCTAGATCCTTAACTGATTCGATATTAAACTAGTA,1
348,NC_000922.1,806900,806940,.,0,+,AAAAGTTCATTTATTTTAGGAAACGCATTAAAATTAATTA,1
349,NC_000922.1,807416,807456,.,0,-,TGCTCGCTTTCGTGCTCAATACCCCAAGGTTGTACAAGAA,1
350,NC_000922.1,807603,807643,.,0,+,GCAACTTGGATTGTATTCTCCGATCTTATAACCTGGAAAG,1
351,NC_000922.1,810553,810593,.,0,-,ACTAGATTAGATTATCGTTCAGGCTGTATACTATCTAAAA,1
352,NC_000922.1,810823,810863,.,0,-,AAACTTGGATTTCTAAATCTTAAAAAAATTTTAATCTTGC,1
353,NC_000922.1,813405,813445,.,0,-,GAATTAAAAAAATAATTTATTAATGTTAATGTTAATTAAA,1
354,NC_000922.1,818505,818545,.,0,-,ATTAGTGAGAGCTTTTTTTTTATTTTTTATAATAAAACTA,1
355,NC_000922.1,818359,818399,.,0,-,GAGGCGAGTGCAGCAAATAAGAGTGCGGAAGCTCAAAGAA,1
356,NC_000922.1,818440,818480,.,0,-,TTTATGGTTAATCCTATTGGTCCAGGTCCTATAGACGAAA,1
357,NC_000922.1,821804,821844,.,0,-,TTATATAGAAAAAAGCTGCTGACAGGTATCGTTTACGGTG,1
358,NC_000922.1,821863,821903,.,0,+,TAAAAAGAGCTTTTTATGGATGATTCTTTAAAATATATTT,1
359,NC_000922.1,823871,823911,.,0,-,TGCATTGTAGAAAATTGCCATTAGAACTAAAATGCTCTTT,1
360,NC_000922.1,823904,823944,.,0,+,CAATGCAATTATTTCCAAGATTATGTTAGAGTATTTATCA,1
361,NC_000922.1,825858,825898,.,0,-,CTATACGTGAATTGGGGTTTTGTATAACATCCCTTGTTTA,1
362,NC_000922.1,827879,827919,.,0,-,AGTGTTTGACAATGGAATCCGAAGCAGTGAAAATAGTTGA,1
363,NC_000922.1,827453,827493,.,0,+,ATATTCCGTTTCTGAAAGCGATCTGCTAAACTTCCAGCTA,1
364,NC_000922.1,836072,836112,.,0,+,AAGATTGATTCTAAACCCTGGAACATGATACTTTTTTGTA,1
365,NC_000922.1,838366,838406,.,0,-,ATATTGCTCTTTTTCATACGTAAGAGTATATTTTTAGGTT,1
366,NC_000922.1,838405,838445,.,0,+,TCACAATACAAAATAATCAAACTTATTTTATAATAAACTA,1
367,NC_000922.1,841558,841598,.,0,-,GGTTGATCTTGTGTTTATAAACATGCAAAATCCTCACTTA,1
368,NC_000922.1,841795,841835,.,0,+,TTGGTTACAAAAACCATAAGCTAAAGTATGCTTGGGGTCA,1
369,NC_000922.1,843612,843652,.,0,+,TTGCATTTACAGGAACATTCTCTACTGGTATTTTTATTCT,1
370,NC_000922.1,843883,843923,.,0,+,TTCCAATTTGAGGGTATTACCTGTTTGTAGAAATCTAGTT,1
371,NC_000922.1,843966,844006,.,0,+,AAGGGGGCGGAGGTTCAAATCCTCTCATCCAGATCTCTCT,1
372,NC_000922.1,846432,846472,.,0,-,CCTTTGAAAAATAACTGATTTTATATTACGTATTCATTCA,1
373,NC_000922.1,846511,846551,.,0,+,GTTTTGCATAAACACAACACTATATATATAATTTAAAATT,1
374,NC_000922.1,848536,848576,.,0,+,GATTTTCGAATCTTCATGCATTCATGTTATGTTAGACTCT,1
375,NC_000922.1,851431,851471,.,0,-,TATTTCTCATAAATTCTCTTTTTTCTTAATATGTGTATCG,1
376,NC_000922.1,851066,851106,.,0,+,TGCTTTAGATTTAATGCGTGCTGCCTTATTATCTTTGAAG,1
377,NC_000922.1,851459,851499,.,0,+,TTATGAGAAATAAAAAAAGTTTTATGCCAACATAACAATA,1
378,NC_000922.1,852880,852920,.,0,+,ATCCCTAGATTTCCTATCTTCCTTTGACTAAACTGTCCTC,1
379,NC_000922.1,856926,856966,.,0,+,GAGATACCCAAAAGATCACAACGTGTTACTATGAAAATCA,1
380,NC_000922.1,857630,857670,.,0,+,GGATGAAGATTTATATGGTCCTCTGCTACAATCTATGGCA,1
381,NC_000922.1,858485,858525,.,0,-,CTAAATAGAAAACATAGAGATTCTACAAATTACCTTGAGA,1
382,NC_000922.1,859745,859785,.,0,-,TGCCTTGACTGCCATGGCAAATTCAAGTATGCATAGAGAG,1
383,NC_000922.1,863807,863847,.,0,-,TTTCTTGAAAAAGAGCCCTCTATCCATTAAAATAGCTGCC,1
384,NC_000922.1,863689,863729,.,0,+,TCCTTTACATGTTTTCTGTAAAATTGCTATTTTAATAGTA,1
385,NC_000922.1,868240,868280,.,0,+,CTTTTCAATTTTTCTTGTTAACGATTGTAATTTCTTTTAA,1
386,NC_000922.1,871846,871886,.,0,+,GCATTCGCTTCGATAAGTTTCTTTTGGTATTCTTGGTATA,1
387,NC_000922.1,874119,874159,.,0,-,GCGATTGCGTAGATACAATGTATGTTGTACTTTAACTACA,1
388,NC_000922.1,873965,874005,.,0,+,ACGCTTTAAAAAAGTCTTGGTTTCTCGTATTTTATAACCA,1
389,NC_000922.1,875512,875552,.,0,+,CGGTTTGACAGGAATATTTCTTGTTTCTAAGATGACCTTT,1
390,NC_000922.1,877349,877389,.,0,+,AATGTTGATCATTTGATCTTTCTGGGATACACTATGTTGA,1
391,NC_000922.1,878503,878543,.,0,-,CTGTAGATAATAAACAAACAGTCCTGTACGATCAGAAATA,1
392,NC_000922.1,881107,881147,.,0,-,GTCTCGAAAAATATATCTTTTCATATTAAACTGGTCAGTA,1
393,NC_000922.1,883028,883068,.,0,-,CGCTTGGCTCTATAACGAAAATTTGTTAGGATCATCTTTA,1
394,NC_000922.1,882837,882877,.,0,+,CTGCTTTTAAAAAATTTTTTTGAATGGCAAGCTTTTGATG,1
395,NC_000922.1,886474,886514,.,0,+,TACTTTCCATAATTTTATTCTAGCCTCTATCTTGAGTTGA,1
396,NC_000922.1,893025,893065,.,0,-,ATCAGTGACAGAAACATGTATTCGTGTTACAGCAAAGGAA,1
397,NC_000922.1,896895,896935,.,0,-,GTAGGTGTCTCCTTAAGGAAATTTTTTTATACTGCGTAAG,1
398,NC_000922.1,897088,897128,.,0,+,AAGCTTTTGTTTTTTACTCACAATACTTATGTAGAAATCT,1
399,NC_000922.1,899215,899255,.,0,+,TCTTGCGAACATTTCTATCCATAGTTGATAGAGATAAACA,1
400,NC_000922.1,901501,901541,.,0,+,TTCTGGCAATTCTTCCGCCATATCCTTATAACTATAAGCC,1
401,NC_000922.1,906653,906693,.,0,-,TTCCTCCCCAAATTTATCTATTTTTGTCATTATGAGTTTG,1
402,NC_000922.1,911866,911906,.,0,-,ACTTGAAGAAAAGAACTCTTTAAGTTTAACTGCATTATTG,1
403,NC_000922.1,913903,913943,.,0,+,TAGATTGGAACTAATAAAAACATCTTTTATACTATCTGCT,1
404,NC_000922.1,918936,918976,.,0,-,GGCTTGTTTTTAGAAAAAGATTAATTTTAAAATTGATTCA,1
405,NC_000922.1,921986,922026,.,0,+,ATAAATTGATTTTTTTTGTTTTTTAAGTTATCTTATAACT,1
406,NC_000922.1,930679,930719,.,0,+,TAATATTTATTTTAAATAGTTTTTTTTGATAATTGTCTTA,1
407,NC_000922.1,936289,936329,.,0,-,TCGCGATTGGCACTAATCCCCCCTTTTGTTATGGTGAATA,1
408,NC_000922.1,941206,941246,.,0,-,GCAATGCTGAAAATTAATCTTTAGGTCTAAAATAAGCACA,1
409,NC_000922.1,941318,941358,.,0,+,ATTGTTTTCTTTTTTAATACCCAGAAGTATACTTGCATTA,1
410,NC_000922.1,946990,947030,.,0,-,CGTTTGATTTCTAAGATCATGATTCTTTAAACTCATTCAC,1
411,NC_000922.1,949197,949237,.,0,+,CAATTGGAATATTTTCATTAATCTTTTTATAATTTCTTTT,1
412,NC_000922.1,950157,950197,.,0,+,TTTAAAGACTTTAAAGACTTTTTTTGGTATTGCAAAGAGA,1
413,NC_000922.1,955063,955103,.,0,-,TAGACAAATATCAAGAAACTGGGGTGTATGTTGAAGAAAA,1
414,NC_000922.1,958288,958328,.,0,-,AGTCTTCAAAAAAGAAGCCCTATATGCTATAGCAAAAAAA,1
415,NC_000922.1,960116,960156,.,0,-,ATACTTGACCCAAGAAAGTCTTAAACATAGAATTCGAGAT,1
416,NC_000922.1,961614,961654,.,0,-,TAGTCGTTGCTAAAAACTCTTCAAAAATCTAAACTATTCT,1
417,NC_000922.1,961698,961738,.,0,+,GGGCTTTGATAAAATTTTTCATTGATTTAGCATGGGTAAA,1
418,NC_000922.1,972867,972907,.,0,-,CATTTGTACATTTTTTATACCATCTGGTAAAGAGGACTTA,1
419,NC_000922.1,978676,978716,.,0,-,AATTGTCAATAATTCCTACTTTTTGATAGAGAAGAATACG,1
420,NC_000922.1,981539,981579,.,0,-,TCTACTAGACAAAAGTTGATTTCTGCTTATGCTTAGCTTC,1
421,NC_000922.1,981614,981654,.,0,+,AAGTAGACCAGTATTGCCTTGCTTAGGCACAATAGGTGCT,1
422,NC_000922.1,983520,983560,.,0,-,CACATACCGAAAATATTTATGATATCTCATAATCGTATTA,1
423,NC_000922.1,987829,987869,.,0,-,TTGCCTTTACAACACCCAATCAAGATGATATTGCTTATGA,1
424,NC_000922.1,988760,988800,.,0,-,AAGAGTTGTTGCTCAGAGAAATCTTCCATATACTCTCACT,1
425,NC_000922.1,988698,988738,.,0,+,AGTCTTGCGTATAATTTTTATATCCAACATGCTTGTCTCA,1
426,NC_000922.1,989895,989935,.,0,+,GAATTGAAAGGAAAGGATTTTTAGAGTAGCATGCTTAGCA,1
427,NC_000922.1,993185,993225,.,0,-,TCCTTGCGTTTCTCAAGTTGATTTGTTATTGGGCATTTTG,1
428,NC_000922.1,993303,993343,.,0,+,AATAGGCCTTTTTAAAAGGAAAATGTGTTATAATCTTTAA,1
429,NC_000922.1,999900,999940,.,0,-,CTTCTTTGTTTCTTTTGTTTTTCTTGATATAACGAAATCT,1
430,NC_000922.1,1000038,1000078,.,0,-,TATCTTGGCTAAATTTCAGACTGAAGCTAATATTTTCCTT,1
431,NC_000922.1,1000332,1000372,.,0,+,TGCGTTGCGAAAAAAATGCCATTTTTTATAGGATGTTGCT,1
432,NC_000922.1,1005349,1005389,.,0,+,TAAGCGTCTATTAGTATACGTGAAAATACGTTACAAGATT,1
433,NC_000922.1,1008899,1008939,.,0,-,TTTATTGCTTTTTTATGCGCTAAGTTATAATTTGACTCTA,1
434,NC_000922.1,1009384,1009424,.,0,-,GCATTGAATGCTCGCTTCCTATTATGATAATCTTACTTCG,1
435,NC_000922.1,1010762,1010802,.,0,-,AAGGTAGAGATATAATTTTCCTTCGTGATAAAATTTCCAT,1
436,NC_000922.1,1011321,1011361,.,0,-,TGGTTGCATGAATTTGAACAAACAAACTAATTAAAAATTA,1
437,NC_000922.1,1011640,1011680,.,0,+,AATCCTTTACTTTCGAGAAATGTCTGCTATAAAAGGAATA,1
438,NC_000922.1,1023823,1023863,.,0,+,GTTCCTTGCTTTTTGCTTGGGGATTTCCTATAGTTGCTGC,1
439,NC_000922.1,1026790,1026830,.,0,-,TTAATGACCGAGAAACGATAAGAATGCTAAGAATCTGAGA,1
440,NC_000922.1,1026921,1026961,.,0,+,TCTTCTGGACAAAGGAGAAAAAGCTCGATAACATAAATCG,1
441,NC_000922.1,1027564,1027604,.,0,+,CCGTTGTAGGAAAAGTATTTCTTTTTTACAGTGCGTAATA,1
442,NC_000922.1,1030618,1030658,.,0,-,TCGCTTACCATAAAATCTTCTTTCGCTTAAACTAAGGATT,1
443,NC_000922.1,1030721,1030761,.,0,+,TTAGTTCTCTTAAAAAAGAGGTTATGTAATCAACCTAATA,1
444,NC_000922.1,1033986,1034026,.,0,+,GGGATGCATTAAAACCAATATACTTGCATGATAGGGATAA,1
445,NC_000922.1,1034403,1034443,.,0,-,AATAACACAGTATCTCCCTCTTGTGCTATAGTTTGAGCTA,1
446,NC_000922.1,1040402,1040442,.,0,-,GACATTGACTTTTTCATTTTGAATATCTATCCTTTCTTCA,1
447,NC_000922.1,1040943,1040983,.,0,-,ATCATTGATTTATCTTTATCTGATGCATACCCTGGAGAAA,1
448,NC_000922.1,1041566,1041606,.,0,+,TCATTGTTTTTTATTATGATCATAAATAATATCGCTAATA,1
449,NC_000922.1,1044068,1044108,.,0,-,GCTTGACAAATAAAATTGTTAAAACTTAAAGTCTGCTGCT,1
450,NC_000922.1,1044045,1044085,.,0,+,AATAATTGACGTTAAAGATTGCTAGCAGCAGACTTTAAGT,1
451,NC_000922.1,1045701,1045741,.,0,+,CTCTTGAAGAATTGGATGCAAGTATTTTAGAATTGAAGCA,1
452,NC_000922.1,1046415,1046455,.,0,+,AGCTCGACCTTATCTTGGATAATCGAGTATCCTAAAGCTG,1
453,NC_000922.1,1049265,1049305,.,0,-,ACACTTCTCTTAAAACTTTCTCCGTGTTAGTCTAAATTCA,1
454,NC_000922.1,1049313,1049353,.,0,+,GCCTAATTGACTTTTAATTAAAAGTAGTCAATAATTTTAT,1
455,NC_000922.1,1051426,1051466,.,0,-,GAAGTTTAACATAATCCTAACTTTTGCTAACATTCTTATC,1
456,NC_000922.1,1051431,1051471,.,0,+,GAATGTTAGCAAAAGTTAGGATTATGTTAAACTTCGGGAG,1
457,NC_000922.1,1057293,1057333,.,0,-,TTTCTTCCCCTCTATTCTTCACTAGAGTATGAAAAAGATT,1
458,NC_000922.1,1057977,1058017,.,0,-,ATGATGACACTATTATCTGATTTAGGATAAAATAAGAATA,1
459,NC_000922.1,1057973,1058013,.,0,+,TTTCTATTCTTATTTTATCCTAAATCAGATAATAGTGTCA,1
460,NC_000922.1,1059830,1059870,.,0,-,TGCGTATTCTTTTTCTTTTGTTCTCTTTATACTCTGTGTA,1
461,NC_000922.1,1062742,1062782,.,0,-,ATATTTTAATATTTATCCTTAAGTTAGTAAAATCTCTATC,1
462,NC_000922.1,1062746,1062786,.,0,+,GAGATTTTACTAACTTAAGGATAAATATTAAAATATTTAT,1
463,NC_000922.1,1063863,1063903,.,0,+,ATTTATAGAAGTAAAACAAGAGCTGTACTACCATTTAGAA,1
464,NC_000922.1,1067396,1067436,.,0,+,AAGTAGTGTTTTTTATTTCGTTTTAATAAAAAAAAGACTA,1
465,NC_000922.1,1069147,1069187,.,0,-,TATTGATCTTTATTGATATAATCTTCTAAAATTTCGGGCA,1
466,NC_000922.1,1069243,1069283,.,0,+,GTATTGTCAAAAAAGCTCCTAGGAGATTAAATTGGTTCCT,1
467,NC_000922.1,1070621,1070661,.,0,+,GATGTAGCATATTAACCGCTGGACGATTAGACTGTCGCTA,1
468,NC_000922.1,1075601,1075641,.,0,-,GGCTCGTTCGAAAACTCTACTTTCTTGTATAGTCAAAGCA,1
469,NC_000922.1,1077909,1077949,.,0,+,ATTTATTGAAATTTTAATAAATATAATATAAAATGTTGTT,1
470,NC_000922.1,1083061,1083101,.,0,+,CCTTTTGACCTAAAAACTCTCTTGAGTAATCTTAAGAACA,1
471,NC_000922.1,1085492,1085532,.,0,-,TCTTGAGATTTTACCTTCGCCCTTGATATGGGATATTTTA,1
472,NC_000922.1,1085558,1085598,.,0,+,TCCTATTTTCAAAAACTGAAGATTCGTTAAACTAATGCCT,1
473,NC_000922.1,1085762,1085802,.,0,+,AAGTATTGACTTTTTCCAAACTGGAGATATAATTTTGCCT,1
474,NC_000922.1,1088288,1088328,.,0,+,CAATACTTTTCTCCCGCAAAGTTAAACCTTTTTTTAAAAA,1
475,NC_000922.1,1088975,1089015,.,0,-,TCTAGATAACAAACGAATAGGGTAGCTCCTGAACCTGACA,1
476,NC_000922.1,1089367,1089407,.,0,-,GAAATTGTTTAAAATAAAAAAATCCTTTAAGTAGGAAGAG,1
477,NC_000922.1,1096452,1096492,.,0,-,CTGTAGAATTTTTTACCTATTTTCTTTATAATCACCAACG,1
478,NC_000922.1,1096560,1096600,.,0,+,TTTGTTTTCTATAATCATTGTCTTTGGTAAGCTATCTTTC,1
479,NC_000922.1,1098320,1098360,.,0,+,TTATTGACGGGATCTTGTTGATAGTGCTACATATTTTGCA,1
480,NC_000922.1,1108109,1108149,.,0,-,TTTATCCTTGAAAACTTCCCTAGTTTTGCTATGTTGGGAT,1
481,NC_000922.1,1108295,1108335,.,0,+,ATGGAATAAAAAATATCTAGTTTCTGACAGAATTCAATTA,1
482,NC_000922.1,1111358,1111398,.,0,+,GAAATTGCTTATATTGAAGCGAATGCGTATCCTGGTGGAG,1
483,NC_000922.1,1112962,1113002,.,0,+,GATAGTAATAAATGTAGTTAGCATTTATCATGAGCTTTAA,1
484,NC_000922.1,1113174,1113214,.,0,-,CCACCAAAAAGAAAATAAACTTCTGTATAATCCAGAAAAA,1
485,NC_000922.1,1114411,1114451,.,0,+,ATTATTCCCCTTGCTTGGGCTGTTTGTTATCCTGAAATTG,1
486,NC_000922.1,1116324,1116364,.,0,-,ACTCTTTGCTTTTTCCTTCTTATCTTGTATCATTTCTTTT,1
487,NC_000922.1,1116311,1116351,.,0,+,AGTTAGTTGAAGTAAAAGAAATGATACAAGATAAGAAGGA,1
488,NC_000922.1,1121325,1121365,.,0,-,TACTTTTTAAAATATTAGCAAATTGGTTTATATACAGTTA,1
489,NC_000922.1,1123851,1123891,.,0,+,ATCCCTTTGTAGTAATGTTTTCGTCACATATGATTTGTTT,1
490,NC_000922.1,1126887,1126927,.,0,+,TTGTTGAAAATAATATCACAGTAACTTAACTTGTCTTTTG,1
491,NC_000922.1,1132022,1132062,.,0,-,AAACTTGTTGATTTTAGAAGAATCCATTATGCTACGAGCA,1
492,NC_000922.1,1132143,1132183,.,0,+,TCAATTGCAGGAAACCATGACAATTCCTATATATGGTAGA,1
493,NC_000922.1,1136799,1136839,.,0,-,CTTGTTGAAAAATTCTGGTGTTCAAAGTAATGTCTAGGAA,1
494,NC_000922.1,1136654,1136694,.,0,+,AGTCCTTAGAAAAAACTTCAAGAAGCTTTATACTTTCCTA,1
495,NC_000922.1,1137467,1137507,.,0,-,CTATTGCAAAGATACCATTTTCTAGTTAGGATAGTAGCTG,1
496,NC_000922.1,1139569,1139609,.,0,-,TTGTTGCAATTAAAACTTTCTAATAGATAACCTTGTTTCT,1
497,NC_000922.1,1139597,1139637,.,0,+,TAATTGCAACAAAAACTTCTTAGTTGAAAAATGTACTTTG,1
498,NC_000922.1,1141898,1141938,.,0,+,AATGTTGATCCTGAAATCTATTCTGGGTATGCTGTTGGCA,1
499,NC_000922.1,1146728,1146768,.,0,-,AAGAAGCAAAAAAAAGATCTAATTGCTTATCATCACGGAG,1
500,NC_000922.1,1147778,1147818,.,0,+,TTCTAAAACAAAATAATAAAAAATATGTTATATTGAATAA,1
501,NC_000922.1,1153187,1153227,.,0,-,AAAAGGTGTACATTAACCATGTTCTCAAGTATAATCAGCT,1
502,NC_000922.1,1156255,1156295,.,0,+,TTTCTTGGTTTAATTGTTGTTGAATATTAGTATTGTCGTT,1
503,NC_000922.1,1159102,1159142,.,0,-,TGCTTTACTACTTATGTCGGTAAACCTTATGTTGAAAGGG,1
504,NC_000922.1,1161920,1161960,.,0,+,AGGTTGTAGGAGATCTTTAGCTGATTTATAAGACAACATA,1
505,NC_000922.1,1163406,1163446,.,0,-,TTATTGATATTATCTTGTAAACGAGCTTTATTTACTTTTA,1
506,NC_000922.1,1165453,1165493,.,0,-,ATTTGACAAAGATTCAAAGGAATCGAAAAAATGGTAAGCA,1
507,NC_000922.1,1165573,1165613,.,0,+,TTCTTTACCTCTGTAAGAGTTAGGAGTAAAGTAGATCACG,1
508,NC_000922.1,1166965,1167005,.,0,+,TGTTTTTAAAAAAATGTTTTAAAACCCTAAAATCCTACCT,1
509,NC_000922.1,1175699,1175739,.,0,-,AAACTTGCAGGAAAATGATGTTTTAGCTAATTTTCCTTTT,1
510,NC_000922.1,1175792,1175832,.,0,+,TTGTTTGCAAAAAACACTCTAACTATAGAGAATAAATGGG,1
511,NC_000922.1,1175965,1176005,.,0,+,AATCCACCTAAAATTTGCTATTCGTAGTAAAATAAAATCT,1
512,NC_000922.1,1177251,1177291,.,0,-,CTGTAGCTTGAAAATTGCTCCGCTCCCTATACTAAAGTTA,1
513,NC_000922.1,1183923,1183963,.,0,-,CCCCTGTTCTTTTATCCCTTATTCTCTTATTCTCAAGACA,1
514,NC_000922.1,1187532,1187572,.,0,-,TTTTGCTACATAAAAACAATTCTTTTTTTTAGAGTCAAAA,1
515,NC_000922.1,1200501,1200541,.,0,+,AGCTTGCTTCTCTTTATTTTCCTTTTGTAGAATGATTCGG,1
516,NC_000922.1,1201316,1201356,.,0,+,TGCTTGCTTAAAAAGACAACGGATCATTAATATGCAGATA,1
517,NC_000922.1,1206656,1206696,.,0,-,CAGACTTGACGCTTAACTCAAACCCTGTATTGTGGGATAA,1
518,NC_000922.1,1209500,1209540,.,0,+,TTCTTTGAATAAAATACTATATGTTAGTAGCTTAGTGGGT,1
519,NC_000922.1,1211430,1211470,.,0,+,ATGTGTATTAAAAGACGAGAATTTTATTTAAAATAAATTA,1
520,NC_000922.1,1213675,1213715,.,0,+,TCAGTGGTCAAAATTACCACAATTCCTTATAGTAAGTCCC,1
521,NC_000922.1,1218257,1218297,.,0,-,GCTCTTTGACTTTAATGAAAATTCCGCTATGATTTCCGTA,1
522,NC_000922.1,1219848,1219888,.,0,-,TTAATAGTTTTCTATCAGAAAATCACTTACTCTAAAGTCA,1
523,NC_000922.1,1219870,1219910,.,0,+,CTGATAGAAAACTATTAAAAAATCATTGATTCTGTCGGGA,1
524,NC_000922.1,1220976,1221016,.,0,+,AGATAGTCAATAATTGGTTTTTTTAAGAGAATGCTAGGCA,1
525,NC_000922.1,1221522,1221562,.,0,+,GAATTGCAATAAAGCTAGCAAGTTTTTATTTTCATACGAG,1
526,NC_000922.1,1223385,1223425,.,0,+,CCAAGTACAAATTAAACAACAATTTTGTATATTTCTGCAA,1
527,NC_000922.1,1225682,1225722,.,0,-,AAATTGACTAATAACCCGCGATCACTTTAAACTCTTTCTC,1
528,NC_000922.1,1227907,1227947,.,0,+,TGTTGTGTTTATTTAAAAAAAAGATTATATCCTTCATGCA,1
529,NC_000922.1,1230229,1230230,.,0,-,A,1
0,NC_000922.1,188921,188961,1,40,-,GACACCTTTAGATTCAATTAACTGATCATAATAACAAAGC,0
1,NC_000922.1,533450,533490,2,40,+,TAAAGGCAAACGACCCTGAGAACCAAAAACTGCTCTAAGC,0
2,NC_000922.1,1186050,1186090,3,40,-,GATGACGGTATGCCCCCACAACCCTTTGAAACTTTCTGCT,0
3,NC_000922.1,172637,172677,4,40,+,CTATCTAATTTTCAGAAAGAGTATGAAGATGAGCCCTGGC,0
4,NC_000922.1,144375,144415,5,40,+,GAAGGTGATTCCAGTTGATGAATGACCGTTTTCCAAGAAG,0
5,NC_000922.1,1133871,1133911,6,40,-,GGGAATGACGCCTTGACTCTTTCCATTGGTTCCCTTAATT,0
6,NC_000922.1,717298,717338,7,40,+,CACGTCTTCGATAGGAACCCGAAAAGCCATTCCTGTTAAT,0
7,NC_000922.1,168510,168550,8,40,+,GTTGAAGTTCATTCCTTCTACAACGTCGAGAACAGTTTCG,0
8,NC_000922.1,351524,351564,10,40,+,TTGTCTTATACAAGCCCATGATTTCCATCTGAGCACGCTT,0
9,NC_000922.1,1131746,1131786,11,40,+,GAATCAAACTGAGCACCAAAAGCGCTCTCGGCTTTCATGA,0
10,NC_000922.1,884788,884828,12,40,-,AGGAGAGACGGGGGTTCCCCAACGTCCTAAAATCCAAGCT,0
11,NC_000922.1,789042,789082,13,40,+,CGTTTTTCTTCGAAGCGTGTGGTGTTGCTTGTGTTTTAGG,0
12,NC_000922.1,861561,861601,14,40,-,AAAGGTCATGAGGATGTATAAAAACAAACGCGGAGATAAC,0
13,NC_000922.1,79990,80030,15,40,+,TGCACCCATAGAAAAAAGATTGATCGAAGAGATCAGAGTT,0
14,NC_000922.1,504816,504856,16,40,-,AGAGATCCATGAGTGGAAATGTATTTTATTAGGATCATCT,0
15,NC_000922.1,1075068,1075108,17,40,-,ATCAATCGTATCGGGTCTCTGTTTGGTTTTGCTTGTTTAG,0
16,NC_000922.1,473441,473481,18,40,-,AAGCTGCCGATAGGCGGGAATGAAGAATCGAGCAGGTGCC,0
17,NC_000922.1,582162,582202,20,40,-,CCGAGTCTTTCATCTCGATCATCAAGAAGGGGCTCATAGC,0
18,NC_000922.1,92673,92713,21,40,+,AAAAACTTTAAGAATTTTGGTTTTTGCTTCAGGGAACAAA,0
19,NC_000922.1,571753,571793,22,40,-,CAGATTGTTCCTGGAAGGATCGGAAGGAAGACAACAAGCC,0
20,NC_000922.1,115627,115667,23,40,-,AATGCCTGAAGTATGGGGATACAGCTCTGAATCTCGGTAG,0
21,NC_000922.1,790288,790328,24,40,+,AGAACTCCGGATATAAAATCTGGAAACCTCAGAGTTTCTG,0
22,NC_000922.1,944211,944251,25,40,-,CACTACGACGTCTCCCCAATTTCTTTTCCTCTCCCCCTAA,0
23,NC_000922.1,405251,405291,26,40,+,TCTGGGGTCCGATTATAGACAGAGACAGAAAAACCATGAT,0
24,NC_000922.1,471779,471819,27,40,+,ATACAACTCGGAGTCTCATCCAGTGAAGCTAGCTCAAAGG,0
25,NC_000922.1,954073,954113,28,40,-,GATTTGGCAATGTCCACCCTTTGAACTGACGATCACTCAT,0
26,NC_000922.1,40346,40386,29,40,+,CGCTAGAAAATATCGGTTTCCCTAAGTAGGTCTGCAGATT,0
27,NC_000922.1,176505,176545,30,40,+,CCGTCTACATTTGTTTGTTCGAATAGGGGCTTTGCAATAA,0
28,NC_000922.1,254547,254587,31,40,-,CCAGTTCAGAGGTGCTATAAAATCTGCGTATTTTGAAAAA,0
29,NC_000922.1,317980,318020,32,40,+,AATCCTCACTATTAATACTTTGCCAACAGCTGGGATCTGG,0
30,NC_000922.1,256911,256951,33,40,-,GAGTTCATCCACCTAAATATAAGTCTCTGATCCTTTCTGT,0
31,NC_000922.1,436138,436178,34,40,+,TCTTTGCCTTGGATAGACACTCCGAGCTATTATATTTTAG,0
32,NC_000922.1,619320,619360,35,40,+,TAAGTCCTGGCTCCCCGATTACCTTCGCTGACAACCAAGA,0
33,NC_000922.1,660010,660050,36,40,-,TCTATGCGATAGCGCATCGCAGCAAGATCTGTGGTGGCGT,0
34,NC_000922.1,109328,109368,37,40,-,TATCTAAAGCTTCTTCTAAAGGAATATTTACCTCTAAACT,0
35,NC_000922.1,680437,680477,38,40,-,GAGAACATATTCTCTAGATAAGATGGTAGGATAGCGGGGT,0
36,NC_000922.1,522861,522901,39,40,+,CCAAACCCCAAACTAAGAACCGAAGAGCGCTCTCCTACGT,0
37,NC_000922.1,184552,184592,40,40,+,TATCTATGATTGGGATTTTTTAATTAGCTCTTGTTTAAGT,0
38,NC_000922.1,1101852,1101892,41,40,-,TATGATATCTGCAAGTACTGGAGTATCTACAGCTTTATCT,0
39,NC_000922.1,715817,715857,42,40,+,CGTCATAAGTGACTTTTAAAAAGACAGGCAACTTATTTGG,0
40,NC_000922.1,761687,761727,43,40,+,CACGAATTCTTAAGTATGTTGATTTAAGAGTACTTTAGCT,0
41,NC_000922.1,1032640,1032680,44,40,-,CTTCCGTAAATGTAAGGAAGAGCAATGAGTGTAAAAGCTG,0
42,NC_000922.1,427709,427749,45,40,+,TTGAAGGAGCAGACCTCGCGGAGTTCCCCTCCACACTTAT,0
43,NC_000922.1,698590,698630,46,40,+,AGATGTATCTGATCCTGCAAAACTCCATGATAAAAATACG,0
44,NC_000922.1,532981,533021,47,40,+,CACGACGTGTTCTACTCGCACGATCTGATCCACATCGGAA,0
45,NC_000922.1,596974,597014,48,40,+,CATAAGCTCTATTTGCGTGCTGTCGTCCCCTGGATTGGAA,0
46,NC_000922.1,251932,251972,49,40,+,GCTATTTCAACACAATCATTCCCCCAATCCACAAACTCTT,0
47,NC_000922.1,1194756,1194796,50,40,-,ACTGTATCCAAGAAGAAGATCTCCGGATTATTTATTCTCA,0
48,NC_000922.1,847344,847384,51,40,-,CACCATCTCATAATAATCAAAATAAATATCTGCAGACTTA,0
49,NC_000922.1,34669,34709,52,40,+,CATGCGTCTGATTCCTCAAGGTCTTTAACATCTGGATAGC,0
50,NC_000922.1,967690,967730,53,40,-,AACAATAGCTGCAGTTGTCGTCGATGACATCCCCGCTCCT,0
51,NC_000922.1,658232,658272,54,40,+,TCTAACTTCAAGTCCTGAAGTTCGTGCGCAACGGCGTTTA,0
52,NC_000922.1,394514,394554,55,40,-,AAATTCCCCAAGGATCTACACCTTCAGAAACGGAAGCTCT,0
53,NC_000922.1,124883,124923,56,40,+,GGGGATATTTCCCTTTGTTCCTGAGGGTGCTGATGTTTTA,0
54,NC_000922.1,1193998,1194038,57,40,-,GCAAATTACCTAAAAAAAAAGAGATAAGTTTGCTTTACAA,0
55,NC_000922.1,1115245,1115285,58,40,-,GAAATCCGACGAATTGCTTGCGCATCAGCAGCTGTCAATC,0
56,NC_000922.1,110400,110440,59,40,+,GCATTTTCTTCTTCAGAGATTGCAGAGCTGTCTAGAAAGA,0
57,NC_000922.1,182337,182377,60,40,+,CTAACACCTTGCTTTTAATGGAGTCTGAAAGATAACTTGA,0
58,NC_000922.1,629853,629893,61,40,+,TTTGATGAGCTCCTTCAATGATTCCTGGAATGTCAGCGAT,0
59,NC_000922.1,68285,68325,62,40,-,GGCTCAAGTCAAACTATTTACCATGGATGTCTTCCTATCC,0
60,NC_000922.1,896297,896337,63,40,+,AGATCCCTTGGAGTTCTTGAGTTTTTGCATCAAAAACATT,0
61,NC_000922.1,412406,412446,64,40,-,GAGCTATAATTGCGCCTGGGATTCTGCATAGACGATACCT,0
62,NC_000922.1,48616,48656,65,40,-,ACTCCAGAAAAACACTTGCCTATAGGTTCATGCGTTTCTG,0
63,NC_000922.1,456742,456782,66,40,-,TTTGAAGAGCATTTAAAACGGCTGTACTTCCCCAAACATG,0
64,NC_000922.1,1123022,1123062,67,40,+,TTATTTGGTTTGAAAAAGATAAATCCAAACGGCCACGTAT,0
65,NC_000922.1,283211,283251,68,40,-,TATGGGAGACGGTGTTATTGTTATTAATGCAGAGAAGGTT,0
66,NC_000922.1,932794,932834,69,40,-,CTTTCTTTGTTATTGATTTAGTGACTGCTAACGTTCTTGT,0
67,NC_000922.1,1223125,1223165,70,40,+,AGGTAACAGTGTTAGAGCGAGCTTGAAATACGGTATTCTG,0
68,NC_000922.1,108526,108566,71,40,-,TAAACAGTTGAAAACATCAATCATAGGAATATTTGTCCGT,0
69,NC_000922.1,1094852,1094892,72,40,+,AACCGAGTCCGATGTATTGATCTGAAGTTTAGCTTTTAAT,0
70,NC_000922.1,620344,620384,73,40,-,CTCATGATTTTCATAGAAAGATTCTGTGTGACCATAGACT,0
71,NC_000922.1,33574,33614,74,40,+,CCCAAAGCAATTAAAGCTTGAGCTGCTGCTAAAGTGACAT,0
72,NC_000922.1,512594,512634,75,40,+,CTTATTGGTCCGTCTATGACTTTCCTCAATTTAAGGAAGC,0
73,NC_000922.1,1109473,1109513,76,40,+,CATGTTAGAACATGAAGTGACCTTGGGAGGTGAACAGAGC,0
74,NC_000922.1,649225,649265,77,40,+,GAGTTTATTCAATCCGGGTCGCGCGCCTCTGGCAATTTCT,0
75,NC_000922.1,162765,162805,78,40,+,GGGGGGTGTTTTTTCGAGGGCTCGGAAGGATATCCTGGGG,0
76,NC_000922.1,365306,365346,80,40,-,CTTAGAAAAGGGGCTGCCGCTACGTACTTTAGAATTAACT,0
77,NC_000922.1,1125354,1125394,81,40,-,ATAAGAAGAATATTCTCATTGTTAGAATCTTTTAACGTTC,0
78,NC_000922.1,1003048,1003088,82,40,+,GTCGTTTGATTTAGACACGAAACCAAGTGAGCTATTTATG,0
79,NC_000922.1,530989,531029,83,40,-,GATATCTACAGTTAAGCAGCATTTTATTAGGGCTTTTGAT,0
80,NC_000922.1,33525,33565,84,40,+,CTCCTCAAGTGCTTGCTTTTTTATCACGGGAAGAGCGTCC,0
81,NC_000922.1,168886,168926,85,40,+,GCGCCCATGTTTTCATGTTTGTCTTCGAGCTCGATTTCTT,0
82,NC_000922.1,833656,833696,86,40,-,TTTTCTTGTTTTATGTAGATAGATAGGTTGCTTTTTGAGT,0
83,NC_000922.1,777075,777115,87,40,-,CCCACGTTTTTCCGTGGGGGGAGTTTGCCGGGAAATGATT,0
84,NC_000922.1,549797,549837,88,40,-,TGATGTGGATGTAGATATAGATGGAGCTGCTTAGGCCAGG,0
85,NC_000922.1,534770,534810,89,40,+,CATGCCCTCAATCCTCCATACAGAAACGCCATTCACTCGA,0
86,NC_000922.1,110096,110136,90,40,-,TGCAGAAAAAAAATCCGCCTTATTGCGTCCTATAAAGAGA,0
87,NC_000922.1,777295,777335,91,40,-,AGTATATGGATACGGATACCTACGTCCTCATGCCTACGGG,0
88,NC_000922.1,560350,560390,92,40,-,GAGTGGATCTTAGTCCTGAAGTCACTGCGCACGCCGAGGA,0
89,NC_000922.1,814233,814273,93,40,+,GCAGATTTCTTCAAAGAGTTTATAGAAGAGCCTTTACATA,0
90,NC_000922.1,1148553,1148593,94,40,-,GAACCTGCCCATAAAGGGTGTAGGCTGCTTCCGTATCCGT,0
91,NC_000922.1,102144,102184,95,40,+,AGCGTATTAAGCAGTATCTAGAAAAAGAACAAGAAGATCT,0
92,NC_000922.1,1179944,1179984,96,40,-,GTCCTCATTTTCATTCCTACTGTTATATTCATACTTTGGA,0
93,NC_000922.1,415709,415749,97,40,-,TGAAGTTATTTATATTTTAAATAGAAGTTGTTTATTTAAA,0
94,NC_000922.1,983942,983982,98,40,+,CAGATATTACATCGAAAACAACAGCATTCCTTGCTTGCTT,0
95,NC_000922.1,1116373,1116413,99,40,-,TAAGAAGCTAAGAGATCTTTAGCTTGGTACTCATGAAGAT,0
96,NC_000922.1,1102452,1102492,100,40,-,GCCTAGGGCATACCCTGTGAGATGATGTTTGAACCCATCA,0
97,NC_000922.1,437142,437182,101,40,+,TCACGTGGGAGCTCAAGACCAACTTGCGACCTTACCTAAA,0
98,NC_000922.1,313787,313827,102,40,-,AAGATATAAATATTGCTGCTTTGAGTTCGTGTTATTTTGC,0
99,NC_000922.1,1061942,1061982,104,40,-,TGCATGCTTTGCAAGATTATTCCTCGAAAAACCGCGTTGC,0
100,NC_000922.1,1122774,1122814,105,40,-,AAGTTCTTGATACGCCCAACCTGAGTTACAACTATCTAGA,0
101,NC_000922.1,328732,328772,106,40,-,TATCTCCTTTGTTTTCTCTTGCTAGTTCGGATACCTGTTG,0
102,NC_000922.1,785153,785193,107,40,+,TATACAGAAATAGATAAGGATAAGGTTATACGCTCTTATG,0
103,NC_000922.1,769758,769798,108,40,+,AAAGTCTCCCTATATCCAATTAGCATCCTCAGGATTCGCA,0
104,NC_000922.1,388853,388893,109,40,-,TATTGGTACAGCATTTTTAGCTCCTGCATCTTCGAGAGCA,0
105,NC_000922.1,387437,387477,110,40,-,TTAGAAGTAGATGGTGAGGCTAGAGCTCTTGCTCAAGAAA,0
106,NC_000922.1,1219772,1219812,111,40,-,GCCTCCACAGGCTGTTGCATCCCTAACTGAACGCATTAAG,0
107,NC_000922.1,907406,907446,112,40,-,CCTGAAATCCGTCCTGCTACAGGACAAGTGGATGATCTTC,0
108,NC_000922.1,1096733,1096773,113,40,-,GAGAATTCAAAAGCTCTTCTTCCCCCTTCTCACGAATGTA,0
109,NC_000922.1,943099,943139,114,40,+,TCATCTGAGCGTCTATCCGACAGAGGATTTTGTGAATTTG,0
110,NC_000922.1,423571,423611,115,40,+,AACGCCATAAACATATAGTCATAGGCCCCCATATTCTTGG,0
111,NC_000922.1,1082679,1082719,116,40,+,AAATCGTATCCTTGATGGATGACGCACCCTTGCTCGCTCC,0
112,NC_000922.1,504861,504901,117,40,+,CGATGGTTGAATAAATTAAAGACAAGAAAACAGCTAGATC,0
113,NC_000922.1,54080,54120,118,40,+,GGTTGTACTTTTACTGAAATTAAGTCACACTTTCCGTTGA,0
114,NC_000922.1,514498,514538,119,40,-,GAAGTATAGGGTATAGCCTTGCGTAGCTCCTAGAGTGGCA,0
115,NC_000922.1,721924,721964,120,40,-,GAGATTTGGAAAAGACTTTTGTATGGCAAGATACTGCTGT,0
116,NC_000922.1,466430,466470,121,40,+,ACAGAAACATCTAATAAAGGATACAGCTTACAATACCGAG,0
117,NC_000922.1,934289,934329,122,40,+,AATTAAGCTAAAAAACTTCATCTTTACTATGGCGTAGTAT,0
118,NC_000922.1,812278,812318,123,40,-,TTGATCTGAGTTCCTCTCAAGGTGATATTAGTAGTGCGGC,0
119,NC_000922.1,1003584,1003624,124,40,+,TAGTATTCAGCAGTGAAGGTATACCGAAAGGAGTGCTGGA,0
120,NC_000922.1,285253,285293,125,40,-,TCCCTCTAAGCTTTCCTATGAAGATAAGGTTTTACCCTAC,0
121,NC_000922.1,253227,253267,126,40,+,TTCTTTTCTTCATTCACTCTCATATCTTCCACACAGACTT,0
122,NC_000922.1,1091585,1091625,127,40,-,GATTATCTTGAGATGCTACAAGTTTTCACTGCGTCACGAT,0
123,NC_000922.1,1197050,1197090,128,40,-,TCTGCATTAGGTCTTCAAGATAAAGTCCTAGCCACCGTCT,0
124,NC_000922.1,732313,732353,129,40,+,GCTGCGCCTCGGTAGGCTGGCAAGAGCCCTGCATGCAGAT,0
125,NC_000922.1,315815,315855,130,40,-,GATTTGAAGAGAGTTCAGAATACACTCTTTCGTCTGTTTT,0
126,NC_000922.1,406663,406703,131,40,-,TTATTGTTAGATAGGTGGTGCCTTGCATATAAGCTTTAGG,0
127,NC_000922.1,502593,502633,132,40,+,CATTAGCTTCTGATAATCTTATCACTGCAGCCTTCTGCCA,0
128,NC_000922.1,1213456,1213496,133,40,-,GGGATAAGACAGTGCTCATATTCTGGAAGCACAGTCTCTA,0
129,NC_000922.1,177869,177909,134,40,-,TAAAAAATCTATAAACTTTCCTCTGAGAATGTAGAAGAGG,0
130,NC_000922.1,274892,274932,135,40,+,TCATATAGATCACTATTTAGGGAAAGAAACGGTTCAAAAC,0
131,NC_000922.1,21427,21467,136,40,-,CTGTCTCGGTAGCAATCATAGACAAAGGGAAAATAGCAAA,0
132,NC_000922.1,1121847,1121887,137,40,-,TTCTTGTTTCTTTTTCTGGAAGCCAATGAGTCAAACGCAG,0
133,NC_000922.1,525204,525244,138,40,-,ACTCCTGATGGACCCGGATAGAATCTATGCTCCTCTATCC,0
134,NC_000922.1,1052738,1052778,139,40,+,TATGTATATGGAAGATGTGCGTAAACGCCTTTCCTGGTGG,0
135,NC_000922.1,985362,985402,140,40,+,GCCACGAACCCCCTCTCCAGGAACTGTAAGATACCGATCT,0
136,NC_000922.1,212581,212621,141,40,-,AAGGCTCTGTCCACGATGTCCTCTATCAAATTTTAGGAGG,0
137,NC_000922.1,395642,395682,142,40,+,TGTTCTTTAAAAATTAGGACAATTGCCCGACTCATTCTTG,0
138,NC_000922.1,535881,535921,143,40,+,AACATGAATCTCAAAATAGCACGTCCTCTCACCACTATTT,0
139,NC_000922.1,1119183,1119223,144,40,+,AGGATTTTCGGTAAACCAAGCATACAAATGTAGTGAGGCT,0
140,NC_000922.1,1182577,1182617,145,40,-,TCACCACCCCTATAAACTGCCGAAGGATATTCCCACGAAA,0
141,NC_000922.1,595245,595285,146,40,-,CTTATGGATGTTGAGAAAATCAGAAGAAGAAAGGCGTTTG,0
142,NC_000922.1,205499,205539,147,40,-,TAGAAAGAGCTCCTCAGTATGTGCCTATTCCTGGTCGTTC,0
143,NC_000922.1,109223,109263,148,40,-,ATCCCATAGCCATTCTTTCTGTAGCTTTACGGGAATCCGC,0
144,NC_000922.1,713017,713057,149,40,-,TTCTTCAGTAAGATAGAAGTTGTTAACGCTTCGAAACCTC,0
145,NC_000922.1,657805,657845,150,40,+,GAGTTTATTGGATGATTATCACTATTGATGGGCCTTCAGG,0
146,NC_000922.1,312991,313031,151,40,+,GTAGTAACCATACTGCAATAATAACTGTCCTAGCCCTCCG,0
147,NC_000922.1,1084411,1084451,152,40,+,GAATGTTGGGGGAGCTCGCTAAACAATCTTGTAAGTTACG,0
148,NC_000922.1,947962,948002,153,40,-,GGAAAAACCTCTAAAGTGTTTTTAGTTTCTTCTCGCCATC,0
149,NC_000922.1,715924,715964,154,40,+,CCCAAGGGATTTTAAGTCCCTAGTGTCTACCATTCCACCA,0
150,NC_000922.1,250603,250643,155,40,-,CTTAGATTTTCAGGAATTAAGAACGTATTAGAACGTAATT,0
151,NC_000922.1,189774,189814,156,40,+,CTGATCGTTCAAGAGGGGAATCGGCTCCAAGAAGCAATCT,0
152,NC_000922.1,199778,199818,157,40,-,AGGCTCCAATAAAGGTGTGTTAAAGAATCACTTGTTTATT,0
153,NC_000922.1,319877,319917,158,40,-,TTAAGGCGTCTGGGATCTATAGTAGAAGAATATGCAAGCT,0
154,NC_000922.1,780458,780498,159,40,+,ACATTTTCTATGGGAGCCAAGCCTACTGGATCCGCTGCTG,0
155,NC_000922.1,529214,529254,160,40,+,CCTAAAGCCTGACTTTCTACAGCAAAAAGATCCCGTTTTT,0
156,NC_000922.1,1023237,1023277,161,40,+,ATGCTTCCCAAAGAGCAAATGCTTCATCGTCTTTTTCATG,0
157,NC_000922.1,208730,208770,162,40,-,TCGAGATGGCTATCTTACACCACTACGAGCAGGACCGCGT,0
158,NC_000922.1,1081241,1081281,163,40,-,TACTATAATAGCTTCAAGAAATTCTTTTGGTCATCGTCAA,0
159,NC_000922.1,342286,342326,164,40,-,GGATATAGATTTATTAAACTATGTGAAACTAATTCAAGGA,0
160,NC_000922.1,573735,573775,165,40,+,AAATTTGGATGCGTAAGAATAAACTCATCTCCTAAATGGG,0
161,NC_000922.1,820251,820291,166,40,+,ACTTTTATGGAACGCCGGATGCTCTCCCAAAGTAACTTAG,0
162,NC_000922.1,605329,605369,167,40,-,TACCTTTGAGGTCATTTGGTGGTAGACTAAGAAGGTTACA,0
163,NC_000922.1,525626,525666,168,40,+,ACTGCTTCTTCTCTGCAGTAGTTGTATCGCACATCTGAGA,0
164,NC_000922.1,401306,401346,169,40,-,GCTGATACTCAAGTCACAATGGAGCTTCTATGGTTAATAT,0
165,NC_000922.1,670963,671003,170,40,-,TTATGCACGCCCTAAGCCTTACGGAGATAGTTATGACTAC,0
166,NC_000922.1,535339,535379,171,40,-,AGAGTGCGAGAGATCCAGACTATCGTAGGGATCTTCGTTG,0
167,NC_000922.1,704947,704987,172,40,+,TAAGCAGAGGACGGTTTTGTGTAACTATATCAACAAATTG,0
168,NC_000922.1,1077499,1077539,173,40,-,ACAGTTGAAGAATCTGAGAATCAGAAAGTACCTGACAGGC,0
169,NC_000922.1,562601,562641,175,40,+,ACCTTGTGAATGTACCGGGAGATGGGAACTGCTTTTATCG,0
170,NC_000922.1,835636,835676,176,40,-,GAGCAGACTTGGAGCAATCATATACGCATTTTCTCTCAAG,0
171,NC_000922.1,762988,763028,177,40,+,AGCAAAGAAAAAGAGTATGGATAATAAAGCTCCTGCAGGA,0
172,NC_000922.1,1137042,1137082,178,40,+,CCGAAACCTTTTTCCAGTACTATGTTCCTGATCAGTTTTT,0
173,NC_000922.1,747836,747876,179,40,-,TTCCCACATCTTTGACAGCCATTTTGGCTTTCATAGTTCC,0
174,NC_000922.1,162975,163015,180,40,-,GTACAAGATTCTGACAATAGCGGTCCAAAGTTGTACGCTC,0
175,NC_000922.1,274631,274671,181,40,+,TACATCTCTCAAGGACTCCTTAGAAGATTTAGATAAAACG,0
176,NC_000922.1,1016017,1016057,182,40,+,GATTGAGAATAAATCGCGAATTTCTCTTCCATAGAAGGCA,0
177,NC_000922.1,691059,691099,183,40,-,CCATGCGAGCAGTGGCTCTGCGCTCTTGTTATGAAGATGT,0
178,NC_000922.1,656698,656738,184,40,-,TACGGATAAGTAAGTCGGGGTCCGTAAGTCCTGAAGTATC,0
179,NC_000922.1,78604,78644,185,40,-,GATAAAAACATGCCTTTGAAATAGCTACAGGCACCCAAAA,0
180,NC_000922.1,701176,701216,186,40,+,CCTGAGACTTTGTTAGAGATCCTATATTTTTCACACCGTA,0
181,NC_000922.1,986028,986068,187,40,+,AGTAAGATGCATGAGGTTGATAGAAGAAGAACCATGAAGG,0
182,NC_000922.1,898570,898610,188,40,-,CTGCCATCCAATAAAGGCTCCCATCCAGAGTCTATTGTGG,0
183,NC_000922.1,204291,204331,189,40,-,AAGCAAAACATTCGTGAAATCATTGAATATACGCATTCCC,0
184,NC_000922.1,92625,92665,190,40,+,GAGCGACCAACAAATTCGTGGAGCCGTTTTTTTACCTAAT,0
185,NC_000922.1,538398,538438,191,40,-,CTCTATAGAAGCGTTATTTGTTGTTGTTATCGTCTCTACC,0
186,NC_000922.1,658777,658817,192,40,+,CTATCCAGAGGGGGCTCGAAGCCCTGACGGTCAACTCCAG,0
187,NC_000922.1,197056,197096,193,40,-,TTCTTAAAAGGTTCTGGTGTTGAGACAAGACCCGCGTCAT,0
188,NC_000922.1,643455,643495,194,40,+,TTGGTATTAAAACTCTTTTTAGAAAACACTATTTACTAAA,0
189,NC_000922.1,1198983,1199023,195,40,-,TATAAAATTACTTTTTGTGTTCTCACGACACCGCTCTTTT,0
190,NC_000922.1,474847,474887,196,40,-,ACTGTCAGGAGTGAACTTACGTAATAAGGAAACAAAGAAA,0
191,NC_000922.1,1108415,1108455,197,40,+,TTCTTTTACTTATAGTTTACTGCTTATAAATTCGCTTTTA,0
192,NC_000922.1,746624,746664,198,40,+,GAGAAGCGTAGTCGTGCAGCACACCATCTCATTTTATTAT,0
193,NC_000922.1,910963,911003,199,40,-,AATGGAAGCGCTTGCCCGTAAACGCATGGAAGGAGATCCC,0
194,NC_000922.1,274576,274616,200,40,+,ATTTCCAACAGCGCCTCTTTTATCATCGCTCAGAATTCGA,0
195,NC_000922.1,1180131,1180171,201,40,+,ACCCTAGTTCAGGAGTTCCCAAATCTTCTTACTGCTGAGA,0
196,NC_000922.1,1115621,1115661,202,40,+,ATGAAATACCCGCACCTGCTCTATAGCATTATTCCCTAAG,0
197,NC_000922.1,231602,231642,203,40,-,CTAAGAATTATCCTGACCAGCTCTCTGGGGGACAAAAACA,0
198,NC_000922.1,746851,746891,204,40,-,ATCATCTTTGAATAGGTCTTGAAACCATTGCAATTCAAGA,0
199,NC_000922.1,1221247,1221287,205,40,+,CATGGGGTTAGGTTCTTCGTTCGGCGTGGATTCTGGAGAT,0
200,NC_000922.1,705622,705662,207,40,+,AGGCTTTGGATACGAAGTGCCACAACGTTTTCATAACGAC,0
201,NC_000922.1,1112355,1112395,208,40,+,GGTTAACTACAATAAACGCATTTCCTGTGTTTTTCCTTGC,0
202,NC_000922.1,676836,676876,209,40,+,CCCTCTCCGTAGATGTTCGCATCTTAGCGACCTCAAACCG,0
203,NC_000922.1,588375,588415,210,40,+,TTCTATAAAAGTCACTATTGATTCCGTGAATCTCCTTACG,0
204,NC_000922.1,14083,14123,211,40,-,TTCGCAAACGCCTTTTCTGCCATCGCATAGGAATTCCTAT,0
205,NC_000922.1,867801,867841,212,40,+,TTTTCTAATTCCTAAAACTTTGTTTTCATGCAAATATATG,0
206,NC_000922.1,272984,273024,213,40,-,GGAAGATCTTGAGATAGCTGATTTACCAGTACCTTCCAGT,0
207,NC_000922.1,794267,794307,214,40,-,TGTAGGGACTGCAATTGCAGAGTATTTTCGTGATCAAGGG,0
208,NC_000922.1,716840,716880,215,40,-,TATAGAAGTGATCTCTTTAGGAAATATTTGTTTTTTCCGT,0
209,NC_000922.1,1204127,1204167,216,40,-,ACTTCCTCTAGAAGGGTTCCCGAAGTCCCAACAAAAAGAG,0
210,NC_000922.1,496843,496883,217,40,-,GTGGTTCTTACCTGTAATATGATTGCGATCTCTAGCAAAG,0
211,NC_000922.1,811246,811286,218,40,+,TCCTCGTAGTTCCTTAAGGAATCTAAAATCGTGGAGCGCT,0
212,NC_000922.1,585448,585488,219,40,-,GTGTAGGGATTGTAGTATTTCTCTCTACCAGAGTCGTCAT,0
213,NC_000922.1,1197510,1197550,220,40,-,GATAGAATCGCTTGGAGCTACAGGGTCTCGGCTTCTCACA,0
214,NC_000922.1,279599,279639,221,40,+,GAATTGCGGTTCCTATGACTGGGACGATTAACAAGCACGC,0
215,NC_000922.1,830573,830613,222,40,+,TTAGACGATGAAGAAAAATTTCATCAGGCAGTACTTTCTG,0
216,NC_000922.1,494360,494400,223,40,+,ACAAACTTATCACGACAAGCTTTCTTTGCTGAGGCTTCTG,0
217,NC_000922.1,609291,609331,224,40,-,GCATCTTTGGTTGTTGATGTCGATGTCACAGATCTTATGA,0
218,NC_000922.1,532135,532175,225,40,+,CATCGATAATATTAAATCCTTTAAATGTTGATCCACTAGA,0
219,NC_000922.1,522467,522507,226,40,-,GCACTTCAATATTTTTGCCTTTAGATCTAATAGCATGTGT,0
220,NC_000922.1,32014,32054,227,40,-,AGCTACTCGCCGATTTCTAGGAAGCATTTCTCCTCGACAT,0
221,NC_000922.1,990443,990483,228,40,+,TGGAGTTGGCAGGACTGCAGCCTTGTGGTGTACTCGCAGA,0
222,NC_000922.1,862666,862706,229,40,+,AATTGTAGGCAAGAGTGGGTAGTTGGAAGCCGAGTTCTTC,0
223,NC_000922.1,61714,61754,230,40,-,TCTTCTAATGCCCCAAAAGCCTTATCAAAGGCATTTTTTG,0
224,NC_000922.1,444914,444954,231,40,+,CCCCATCAATTTTGACTGTTGCTCATCAATCAGCTCCATA,0
225,NC_000922.1,322958,322998,232,40,-,TGAGGACTCGCATTTTGCTTCTGCTATTTCTTGTTTTCAG,0
226,NC_000922.1,79171,79211,233,40,-,CACGGCCTTCTTATAACTATTTCTAGCTTGCAATATCGTA,0
227,NC_000922.1,1175384,1175424,234,40,-,CCTGAAGTTGTAGAATTAGAAATCCAAGTTGTTGACTTGC,0
228,NC_000922.1,667758,667798,235,40,+,TCCCCTTGACGCTTTCTAAATAGAAAAGGTAAAGAGAATT,0
229,NC_000922.1,1007772,1007812,236,40,-,CACCTAGTCCTTTCTGAGCCTCTTCCTGAAGATATTGCTG,0
230,NC_000922.1,811081,811121,237,40,+,ACTAACCCGGACACTAAAGCTTCTTCAAGAATCTGCAATC,0
231,NC_000922.1,374331,374371,238,40,-,GGAAAGTTGGCCCTCTCCAAGAATTCTAAGAGCTGTGGTT,0
232,NC_000922.1,631967,632007,239,40,-,TCAATCGTAATAGCGACATGAGAAATCTTTTGATTAGGCT,0
233,NC_000922.1,330795,330835,240,40,-,CTACTGTAGGCGAAAAGAGCAAAGCACATATTTCCTAAAG,0
234,NC_000922.1,293554,293594,241,40,-,ATTTTCGCATATCTGAAAACTCTCAAAAACCTCCAGTTGA,0
235,NC_000922.1,886849,886889,242,40,+,TGGTGACGGAAGTCGACCTCATTTGCGTTATGCTAAAAAT,0
236,NC_000922.1,518021,518061,243,40,+,ACACATGGTCCCGTCCCCTGTTAATTCCAGCTCCTGATGG,0
237,NC_000922.1,544871,544911,244,40,+,ATATCAAAGCATCTGGATATTCTGGAAAAATACAAACGGA,0
238,NC_000922.1,620392,620432,245,40,+,CAAACCTTATACAACTTCGATTATTCTATCTGCCAAAAAA,0
239,NC_000922.1,142239,142279,246,40,-,CCTGTATTTATAAAGAATGATCCAACTCTGCAAAAATTTG,0
240,NC_000922.1,347035,347075,247,40,-,TCTATGGCTGAGCATATCATTCCTGGTACAGATCTTTCAG,0
241,NC_000922.1,1055784,1055824,248,40,-,GCAACTCCTCACCTAAAGACCTCCCACAATCTTGTCCAAA,0
242,NC_000922.1,417402,417442,249,40,+,GTGTGCTTCTTCTTGTTATAAAGCTTGCCCTTGTAAACAA,0
243,NC_000922.1,1036323,1036363,250,40,-,CCTACAGCCAAGGCTACTTTTCGAATTTTCTTCATCATAT,0
244,NC_000922.1,362910,362950,251,40,-,TATTCTCATGAGGCATTACAGATACATAAACACGTGCAGA,0
245,NC_000922.1,991809,991849,252,40,+,TCCAAGCCTCCCGAAGACAATGTCGTCTCAGAAAAATCTA,0
246,NC_000922.1,706249,706289,253,40,+,AAATAGTTCCGAAAAAGAGCAGTCCTGAAACTAACATTAC,0
247,NC_000922.1,33086,33126,254,40,-,CAGCTTGCCACTACTGCGATTTCTTTTTTAAGTCACACCT,0
248,NC_000922.1,577474,577514,255,40,+,GCACCGCATTCCTTCAGGAAATCCTCAAAGAGAAAATCCC,0
249,NC_000922.1,556502,556542,256,40,+,CTGAAATCAATACAGGAAGAGGAGAGAGCAAACGTAATTT,0
250,NC_000922.1,934110,934150,257,40,+,TCTTTAAATCCTTGATCTTTAGCTTCTTGACGAATTTGTG,0
251,NC_000922.1,14151,14191,258,40,-,CCAAAAATTTATCTCTATAACTCTGCGTCAGACTCCGATA,0
252,NC_000922.1,1191070,1191110,259,40,+,TTGGATATGAGTTTCACTACATGGGGAGTCGTAATTATTG,0
253,NC_000922.1,463073,463113,260,40,+,GCAATAGACAGAGCATATGTAATTGCTTGTTTTCTGTCGA,0
254,NC_000922.1,206921,206961,261,40,-,TTCAAAATAATTCCGTCAGTCTCGTGTAAGATCATTTCTA,0
255,NC_000922.1,458550,458590,262,40,+,CAGACTCCCAATGTCAATATGAAGGTAATTGGGGCTTGAA,0
256,NC_000922.1,897576,897616,263,40,+,CTGGAATCACGGGGGGGACGTCACATACGGAAGCGCGTGC,0
257,NC_000922.1,547550,547590,264,40,+,TTGATAATCTAACAAAAGCTTGTCGCGTTTCACGCGCTTG,0
258,NC_000922.1,263834,263874,265,40,-,ATAAGTAAAAATTTTATTGTGAAAGAGTTTTAAACAAGTA,0
259,NC_000922.1,479819,479859,266,40,+,TTTCCCATAGAGCAAGGCGAAATAGTTAATACGGTTTCCC,0
260,NC_000922.1,475115,475155,267,40,+,CTTGTCATTGGAGTCATCAGAGAACTCTTTGGTTTTGGAA,0
261,NC_000922.1,915393,915433,268,40,-,CAAAGCTGCAGCGAACCTAACCGATGATATGGCCGCAGCA,0
262,NC_000922.1,212454,212494,269,40,-,AAGAGCTGAAAGTCATATTCATAATATTTACAAAGTTCAA,0
263,NC_000922.1,669971,670011,270,40,+,AACGATTGCCCAAGCCCTCCTATGACTAAAGTAGCTCTTC,0
264,NC_000922.1,158279,158319,271,40,+,ACTTTGAAGCCAGAGGACTGGGGGTGCTAAAAGAAGAGCT,0
265,NC_000922.1,290115,290155,272,40,+,GTTGAGTCTAATTTAAAATAGCACTCATTATTATTAATAT,0
266,NC_000922.1,1220032,1220072,273,40,+,CTTCTTTACTACAAGGAGAACCTCTTTCCTGCACTATAGG,0
267,NC_000922.1,216835,216875,274,40,+,ATTCCCCTGAGGATACGAGCACACTTCAACGGGATACAGG,0
268,NC_000922.1,1018152,1018192,275,40,-,AATTTCCTTACAATTCGCGTATTCCTGATACTTACATCGA,0
269,NC_000922.1,1197031,1197071,276,40,-,ATAAAGTCCTAGCCACCGTCTATACTTTTGGAAAAGCTCT,0
270,NC_000922.1,839251,839291,277,40,-,TTGGAGATCATACGTATATTCTGTAGATGTAGGACCAGGA,0
271,NC_000922.1,291849,291889,278,40,+,GAAGTGATCTCCAAACCTTTAGAAAGTGTTGTCGCTTTAA,0
272,NC_000922.1,112677,112717,279,40,+,CAGAGTATAGTGCAGCAGCCCAACTCAGTATCGAGCAGAG,0
273,NC_000922.1,1071658,1071698,280,40,+,CAGGAAGAGCTGTGGTCAGTGAATGAAACCTTCGTAAGAG,0
274,NC_000922.1,603378,603418,281,40,+,TGAACACAAGCGCAATCCGCAGCAAAAAGTTCTTTCGCTG,0
275,NC_000922.1,944323,944363,282,40,-,TACTATACAAATCAAGGTTTCTTTCTAGAGAAGAAAAACG,0
276,NC_000922.1,1067315,1067355,283,40,+,TCGCATAAATATTCTTAGAATTTCATATTTATTCATGCAA,0
277,NC_000922.1,682740,682780,284,40,-,GGTAGCTACCCGGAGTTTATCCGCATTAGGATGGGGAATC,0
278,NC_000922.1,964960,965000,285,40,+,GTTTAATGAAGATCCTAGCTTGTTGGTTTTCTTAATTTCC,0
279,NC_000922.1,1059349,1059389,286,40,+,TTCCTTGAGAATAAAGAATCCACCTGTGGGGAAGAGCATG,0
280,NC_000922.1,348638,348678,287,40,+,TTCCATTTCTACAAGGTGGTCAAAGTCATAATTTAAAGTT,0
281,NC_000922.1,940709,940749,288,40,-,AGACACGACTATAATCAAAGCCAATCATATTATCCTAGCT,0
282,NC_000922.1,976138,976178,289,40,+,TACAGAGCTGTTATGGACCCCTTGTCATTGTTTCCGGCAC,0
283,NC_000922.1,913698,913738,290,40,-,GAAGTACTCGAAGGTACTACAGCAGCGGAACTCGCTAAAC,0
284,NC_000922.1,629576,629616,291,40,-,GCTTCCCTAGCTATACATTTGTATTGATTTCAGGACTTAC,0
285,NC_000922.1,1006533,1006573,292,40,+,ATTGATAGAAATGAGAGACCTAAGTGAACAACAAGAAGCG,0
286,NC_000922.1,1183935,1183975,293,40,+,AAGAGAATAAGGGATAAAAGAACAGGGGGGAATCTCTCTG,0
287,NC_000922.1,185785,185825,294,40,+,TTATGTGTTGCATCGTCCTAGAATCTCTGATTATGAATAT,0
288,NC_000922.1,522161,522201,295,40,-,ACAAGAAGCTGCTTTGGATCAAGACGAGAGCGAGATTTAC,0
289,NC_000922.1,437911,437951,296,40,+,GGCCTTGAATCGCTGTGTCTAATAAGACATTATCTCCATA,0
290,NC_000922.1,412854,412894,297,40,+,TGGGGTAGAATCGTTCCCCATAAAACCACAAACGCCACCC,0
291,NC_000922.1,922106,922146,298,40,-,TATATAAATCTGTTACATAGTTCGGTGAATAACACAGCAT,0
292,NC_000922.1,420599,420639,299,40,+,TCACCGTAGGTACTATGAAAAAATTATTTCATACAAAACC,0
293,NC_000922.1,351018,351058,300,40,+,TAAGACAATTCGACTTTTTTTTCAGTATTATCGATGTTTT,0
294,NC_000922.1,360212,360252,301,40,-,GAGCTACTTTTACAGACTTTTCTTTCGCAGAAGGTTTTTC,0
295,NC_000922.1,897285,897325,302,40,-,CATTCGACCGAAGGATCTAAACCTAAATTTAAATCTATAA,0
296,NC_000922.1,1111076,1111116,303,40,-,AGGTAAAAGCCTTTGTCGTAGCTACACCGATTTCCACCCC,0
297,NC_000922.1,24724,24764,304,40,+,ATTTCGTCTACTGTTGCAGGTGTTGTTGTTAGCAATACAG,0
298,NC_000922.1,991363,991403,305,40,+,CGAGGACGGCTTGATGACTATCCGTGTTCCCGGAGCTTTT,0
299,NC_000922.1,751570,751610,306,40,-,ACGCTTCCCTTGAGCAAATCTTTGAGCAATCGCATATTTC,0
300,NC_000922.1,943850,943890,307,40,+,TCCGAGGTTTGTCTTCAGCTCCAATTGCAAATGGAGAGGA,0
301,NC_000922.1,942858,942898,308,40,-,GGACAAAAAAACTGGTACTTCCCGAGCTTCCTGATAAGGT,0
302,NC_000922.1,776879,776919,309,40,-,CAGGAGAGTATGCGGGTAGGGTGCCTCATGATTTGGCGTA,0
303,NC_000922.1,267765,267805,310,40,+,AGCGTCTTACCTAAGATCATAGAAGAGAATCTTTTGCTAT,0
304,NC_000922.1,487174,487214,311,40,-,ATCTGTCTCCGAAATAGGAAGTGAGCTTTTCCATTGAATA,0
305,NC_000922.1,573890,573930,312,40,-,AGATTGTGATTTCGGAATTCAAGGAGGAGTCTTCTCAGTT,0
306,NC_000922.1,917844,917884,313,40,-,GTACACGGATTAAAAAACCTAACCACTGTAGTTAATAAAC,0
307,NC_000922.1,478413,478453,314,40,-,TGTTGTGCAAAAGAGCTCTTCTCCTATTGCAGGGAGGCGT,0
308,NC_000922.1,229159,229199,315,40,-,GGGGATTAAACTCTTGTAGGAAAGCCTTATTTACATCTTC,0
309,NC_000922.1,200876,200916,316,40,+,GAGCCATGCCCTTTTTAATTGTCTTTGATAAATCCATGAT,0
310,NC_000922.1,133728,133768,317,40,+,TACGTGGTTTCCCTTAATTTCTCCAGTAAATGAAGAGGGA,0
311,NC_000922.1,1052194,1052234,318,40,-,AAGTATTTAGGTCTTGTTTTGTTGGAAATTGCTTTAAAAA,0
312,NC_000922.1,206293,206333,319,40,+,CTATTGACGATCCTGTTCAAGCAGTCATATCATTTTTAAA,0
313,NC_000922.1,741799,741839,320,40,-,GGAAAGTTGCTTCCAATATTGCTAAATTTATGGATGAAGA,0
314,NC_000922.1,261498,261538,321,40,+,GAATTTTAAATAAATGATTGAAAAACTCGTACTATTTCAA,0
315,NC_000922.1,245418,245458,322,40,+,CCTAAAGATGACGCTCCCTCAATCCTTTTCCCTATAGGCA,0
316,NC_000922.1,1056748,1056788,323,40,+,TTGGAGATTGCGATACTTTGGCAGTCTCCATAAGGGAAGA,0
317,NC_000922.1,277687,277727,324,40,-,TGAGATCATGAAGGGACGAGTTCCTGATATTGAATCTCTA,0
318,NC_000922.1,409070,409110,325,40,+,AGTTACAGAAACTACGTTCACGAGTAAAAGGATACAACTA,0
319,NC_000922.1,888239,888279,326,40,-,GACGTTCCGAACCATCTGGAAATACTATGCGCTTTGAAGA,0
320,NC_000922.1,632052,632092,327,40,+,AAATATTGCCCAGGTTATGAACTTAACACCTACGGATATT,0
321,NC_000922.1,53363,53403,328,40,-,CTATCATAGTCCCCCAAGAAACCTTATGGCCTTTAGGGAA,0
322,NC_000922.1,806577,806617,329,40,-,TCCTGTCTCTGGAGACAAGGCAACAAAACTCAGTTTTCCA,0
323,NC_000922.1,706421,706461,330,40,-,CGTTTGGAAGGATCAAGTTAGCCAGATTTACAGTTCTCAC,0
324,NC_000922.1,836210,836250,331,40,-,GTAATACTGCAAGGAAAGGAGTATAAGATTTCTCGGATAC,0
325,NC_000922.1,279965,280005,333,40,+,TTAAAGATTTTTAGTTTTAATTGGAATAAAAATTCTAACC,0
326,NC_000922.1,958950,958990,334,40,+,GAACATCTAAAATTTTTGCCAATGTTTTTGCAATTAATGT,0
327,NC_000922.1,16098,16138,335,40,+,ATTTCTCTAGGAGTTGTCCTATTTGTTTTAGGATTGATAT,0
328,NC_000922.1,757822,757862,336,40,+,GTTTTCTGTCATATGCGAGTATGCGCGTGCCATCCCTAAT,0
329,NC_000922.1,742932,742972,337,40,+,TTTGCTCTACTTCTTCTTTTGTTCCAAAGAATTCTTTACG,0
330,NC_000922.1,1004234,1004274,338,40,+,GGTTAAAGGGATATGTCAGCCGCAAGGCAAAGCATTGAAC,0
331,NC_000922.1,963531,963571,339,40,-,AAAAAGCGCTTTTTCGCACTAATGCAGTCCCACAATAAAT,0
332,NC_000922.1,312884,312924,340,40,-,TTCTAGGAGATTTCTGGGGGCGTCGTGTATTAAAGTATAG,0
333,NC_000922.1,404877,404917,341,40,+,CTGCTATTGATTGAAAAATAGGAGCCACTAATGGCCACGC,0
334,NC_000922.1,351042,351082,342,40,-,AAATGAAGTGGTTTTAAATAATAAAAAACATCGATAATAC,0
335,NC_000922.1,81925,81965,343,40,+,CGCTACAACAAGGATTTCTTCTTTACTTCAAGAGTGCCTA,0
336,NC_000922.1,17439,17479,344,40,+,ATATTGAAAATGCTGAGGACAGTATTACCTGGTGGACTAG,0
337,NC_000922.1,401630,401670,345,40,-,TTTACCATTTACATATGTTCATCTAAAGTCCTTGCGGGTC,0
338,NC_000922.1,1143634,1143674,346,40,-,AACCCTAAGAATTCCTCATTACAATTAGCATACAAAATCG,0
339,NC_000922.1,247433,247473,347,40,-,AAGACTAACCACGCTATAGGATTATGGAATCCTGACAATC,0
340,NC_000922.1,396169,396209,348,40,-,AGAGTGGAAAATAGTTGTATATCCTTTATGAAACGCTAAG,0
341,NC_000922.1,679508,679548,349,40,-,GTATCTAGTGAGGGCGGTACAATTACCTTCTCTTAGGGAG,0
342,NC_000922.1,426033,426073,350,40,+,TTGACCGAGCTGATACCCTTCAAAAAAATACTTCCAAGAA,0
343,NC_000922.1,113977,114017,351,40,+,AAGTGACTCCTGCTCATGATAAGGACGATTATCTTATGGG,0
344,NC_000922.1,855290,855330,352,40,-,AAAGATAGGGTGGTTTCCCCTACAAGTACCGAATTAAAAT,0
345,NC_000922.1,82410,82450,353,40,-,ACCAGCTGATTAAAAAAACCTATTATGAGAGGCATAAAAA,0
346,NC_000922.1,434835,434875,354,40,+,ATTGAGCAAATGCTTTTAGTAAATTCGTTTCAGCATATTT,0
347,NC_000922.1,903564,903604,355,40,+,AGTTCATGCCTTTGTTTATCACAACGGTGTTATCAAAGAT,0
348,NC_000922.1,80552,80592,356,40,+,ACCCAGTCTCTCGGAGACCTTGTTGACATTCAAAACCGTA,0
349,NC_000922.1,905520,905560,357,40,-,AGCAATGGATTAGCGAACTCTGTGTTGATTAAACCAAATC,0
350,NC_000922.1,583395,583435,358,40,-,AAGCTCCGAGTGGAGAGCGATTCATATAATAGGGAATAGT,0
351,NC_000922.1,1073611,1073651,359,40,+,TTTTCCTGCCATATTAGGCCCAGTAAGTAAGATCATTCGA,0
352,NC_000922.1,46445,46485,360,40,-,AATACGCAATTTTTTATGAGAATAGTGATAAGGCATCATC,0
353,NC_000922.1,846687,846727,361,40,-,GGATCGTGATTTTTCCTTAGGCCCTATAGAAAAATCATGG,0
354,NC_000922.1,530903,530943,362,40,-,TCATCAAGGCTATTCCCATTTTAGGATGCGTTGTTATAGG,0
355,NC_000922.1,1096723,1096763,363,40,+,TAGCCCTGAATACATTCGTGAGAAGGGGGAAGAAGAGCTT,0
356,NC_000922.1,716173,716213,364,40,-,GAGTCTTCTGCAATGTTCTTCCCCGAAACATCTTCTGCTA,0
357,NC_000922.1,639027,639067,365,40,+,TGGCGATGCGAATCCAACTAGAAAAAGGCATGTGTGGAAT,0
358,NC_000922.1,1177445,1177485,366,40,+,AGCTTTGCTACCGAGCGTTTGGACGATGCTATTTTAGCTG,0
359,NC_000922.1,41904,41944,367,40,-,AGTGAGCTTCAACCAGCTGCATAAAACTGGAGTTGCCGCA,0
360,NC_000922.1,435796,435836,368,40,-,CTAGGAAGGTTCCCGGAGCATGAACCCTAGATGAAGAAGA,0
361,NC_000922.1,114139,114179,369,40,-,AGCTTATAAGGCTCTTTCCTTACAAATAACCCCTGTTCTT,0
362,NC_000922.1,40464,40504,370,40,-,TGGGGTACGTACTCTTAATGGGAATATCAAAAAAGTATTG,0
363,NC_000922.1,1025588,1025628,371,40,+,TTAGCTCTTTCTGTAGCTAAAGAACTCGAACACTTGGATA,0
364,NC_000922.1,225171,225211,372,40,-,ACTTTTATTGATTGAATGATCGCTTGCAGAAGTCCATTGT,0
365,NC_000922.1,1094061,1094101,373,40,-,CCTTCAGAATTCTCTCCAGAAAGCATTGAAGTGTTTCGTT,0
366,NC_000922.1,610379,610419,374,40,+,TGTAGATACCGCGCAAGAAATCGCATCCATCATTGAAGAG,0
367,NC_000922.1,463268,463308,375,40,-,CTGAGGGGGGAAGACTGATTGTTGTTTTTGGTTGCGGTGG,0
368,NC_000922.1,612884,612924,376,40,+,CCTGCTCAATAATAAGATAGAAAGGCTGAGCATTTTTACG,0
369,NC_000922.1,770761,770801,377,40,+,CTACATCCCAAAGCTGAACGTCTATAGGAAGATGAGGAGC,0
370,NC_000922.1,831812,831852,378,40,+,AGCTCAACCTGTAGTTCAAGCTCTTAGAGAGCAATACCAG,0
371,NC_000922.1,812428,812468,379,40,-,ATATAACAGACTTATACTCAGATCAAGTTGCGGCTTTAGG,0
372,NC_000922.1,161887,161927,380,40,+,GTGTCCAGAGGAGGCTTTTTCTCCAAATATATAAAGGAGT,0
373,NC_000922.1,770818,770858,381,40,+,CAGCAAGGTAAGCGTCATAGCGGTGGACAAGCTCAGCAAC,0
374,NC_000922.1,1143190,1143230,382,40,+,ATATATGGTACTTTAATGACTTTTTGCTCTTTTTGAGAGA,0
375,NC_000922.1,1049475,1049515,383,40,-,CACTCCACCTAAGGCGGGTCCTACTGCCGTTTGATGAATA,0
376,NC_000922.1,17693,17733,384,40,-,ACCCTAGATTTTGCAGCTGAACCTCGTACTCCTGAACATA,0
377,NC_000922.1,267299,267339,385,40,+,AGCAGTATGGGCCTTCCTACCTTTCCTAGGAATTTCCTCA,0
378,NC_000922.1,39528,39568,386,40,+,CTCGAATCGATTTGGAAGGAGCCGCTTGTTTGATCGGTTG,0
379,NC_000922.1,790573,790613,387,40,+,TAAGCTAACAAACCTAAAGCATAAATATCCGAAGCGGGAG,0
380,NC_000922.1,233198,233238,388,40,-,CAAGAACTTTCCAAGCCTAGGGTGAGCATAAAAAACCAAG,0
381,NC_000922.1,749540,749580,390,40,-,AAGAATCGATGCCATCACTAACACGAAGGACAGCAAACTT,0
382,NC_000922.1,746420,746460,391,40,-,CGAAATCTTTGATGGAGCTCATTGCATCAAGAACAGAGTA,0
383,NC_000922.1,552918,552958,392,40,+,GTCCCGTATCTTGATGTTGGAGCATAATATCCCGTCACTT,0
384,NC_000922.1,699937,699977,393,40,-,TTGTGTTGGCGTGCTTCCTATGAGTACTTCTGGGAAAATA,0
385,NC_000922.1,1115666,1115706,394,40,-,TCTAGAGGGAGCTCCTCATGAAATTTTTATGACTGTGGAC,0
386,NC_000922.1,581008,581048,395,40,+,CTCTTTTGTTGCACAATGGCTCTCCTCAAAAAGACAACTT,0
387,NC_000922.1,1172328,1172368,396,40,+,GTTTATAGATTTCTGCTTGAGAAAACAGTATAGCGCATCT,0
388,NC_000922.1,287427,287467,397,40,-,AGCATCTTTCTCCAAAATGAGAAACAAGCTTCGCCTCATT,0
389,NC_000922.1,372213,372253,398,40,-,TTGACGTCTTGGGGTATAATCCCTAAATCTTCTCCGATAG,0
390,NC_000922.1,777663,777703,399,40,+,ATTGCCTTGTTTTTTCTTCCTCTAAGTAATCTACATAAGG,0
391,NC_000922.1,331229,331269,400,40,+,ACCCGCTCTATGCAAGATTGGATCAAATCTATGACAGTTA,0
392,NC_000922.1,801537,801577,401,40,+,AGTTTCGTCTTAGTACGAAACTTATATGTTGAGCTTGTCC,0
393,NC_000922.1,1106236,1106276,402,40,-,GGTTCTACATAGAATCGAATAATACTAAAGATTTCCCCTT,0
394,NC_000922.1,240267,240307,403,40,-,TAGAGGATGCTGAGTTCTGCGAGTTCTTTTTCAGAAAGTG,0
395,NC_000922.1,1114808,1114848,404,40,-,TAAACTTCTGTATAATCCAGAAAAATAAAGACCCAGGGCA,0
396,NC_000922.1,1058525,1058565,405,40,+,TAAGCAAGGTGAAGTCTGCTCTTAAACTACGTTAAGGGAT,0
397,NC_000922.1,976162,976202,406,40,+,TCATTGTTTCCGGCACGTTCTGTAAATTCAGATACATGGT,0
398,NC_000922.1,395785,395825,407,40,-,CTTTGATTTAGCTAGCAGTGCTACGACTAGCGTTATAATC,0
399,NC_000922.1,31698,31738,408,40,-,CCACACGTGTCGATTGCACTTGGAATGACAACTATTTTGA,0
400,NC_000922.1,420019,420059,410,40,-,ATCTGCATCTGCCATTTCTCCAGGGCCATTCACAATACAA,0
401,NC_000922.1,1094422,1094462,411,40,+,ATTTGCAAGGAGAACAACATTATCTCCCCTAGCAATGTAT,0
402,NC_000922.1,580548,580588,412,40,+,GCTAAACTAAATCTACTAGCTTAAAAGACTCTCGATATAA,0
403,NC_000922.1,110540,110580,413,40,+,TGATTATTATCTAGTTCTTGGAGTTGTGGATCTTCCTAGA,0
404,NC_000922.1,1086395,1086435,414,40,-,TATTCCAGCAGGGATCTTTATATCGGATAGTTTTCTCGTT,0
405,NC_000922.1,69482,69522,415,40,-,TTCACACAAAAGCAGTTTCGCGTTCTTCCGGTATATCAAT,0
406,NC_000922.1,638013,638053,416,40,+,TGCTTCCTCAGGTCTTCCTCCCCTTTTCAGGAGCGTATTT,0
407,NC_000922.1,673326,673366,418,40,-,AATCTTTAGGTTCAACGGTTGTGATTTTGTATATTCTAAC,0
408,NC_000922.1,520536,520576,419,40,+,TCCTGAATCCTGGGCTCCAAGTCCCATTCCCAAAGTATGC,0
409,NC_000922.1,215161,215201,420,40,-,TACAAGCAGCGACTGTCTTTAAAAATACGCCATCTAAAAC,0
410,NC_000922.1,506742,506782,421,40,+,ATCGAGAGTGACACCACGTTTAAGTACTAAATTTCCTGCA,0
411,NC_000922.1,766057,766097,422,40,-,TCCGACAGCACGTCTGGAGTATAGTGAAAAAGAGACGTCG,0
412,NC_000922.1,315793,315833,423,40,-,CACTCTTTCGTCTGTTTTCCCAAAATTGATGGCCTTAAAT,0
413,NC_000922.1,588185,588225,424,40,+,AATTTTTGCAAGAGCAACCTAAAACTACATACCATGCGTA,0
414,NC_000922.1,1088892,1088932,425,40,+,CGTATTTCGTATACGGACAGACTTGAAAAATAAAAAACAC,0
415,NC_000922.1,905126,905166,426,40,+,CTGATGAAGATGTCTTGAAAGAGGGAAATAAAGAACACAT,0
416,NC_000922.1,974848,974888,427,40,-,CAAACACGTTCTTTTTTTGAATCCAACGACTACTTCCACC,0
417,NC_000922.1,209844,209884,428,40,-,GAAGCTTTCAAGAGAGTCGATGGGAAGAAAAGAGAGCTCG,0
418,NC_000922.1,855901,855941,429,40,-,CCCTAAGAATAATTTCAGGATAAAACGTATCTAAAGAGAT,0
419,NC_000922.1,939398,939438,430,40,-,ATTGCTTTGTCAGCGAAAGAACTGGGGTTGAAGCATGTGG,0
420,NC_000922.1,1114884,1114924,431,40,+,GGCGTGTCTTTCTTTATCAACTCTAAAATCCAGACACTAT,0
421,NC_000922.1,132414,132454,432,40,+,TTTGATTATAGTGCTTATAGGCCTTCCTTTCATCATTACT,0
422,NC_000922.1,624518,624558,433,40,-,CCCACCAGCAATTTGCTTTGTTGTTGATGTTTTTTTAGTG,0
423,NC_000922.1,459956,459996,434,40,+,GACATATTTGTACACGCTCCCAAGGAGTCAAATCCGAATA,0
424,NC_000922.1,898948,898988,435,40,+,AGGCACACGCATGGGAATGGAGCAAAACTTTGCAGCCCAT,0
425,NC_000922.1,657715,657755,436,40,-,GCAGTGAGTCTAAGGTATCCAGCATACCACCCACAGCCTT,0
426,NC_000922.1,857830,857870,437,40,+,ACTATTTACATATTAAAGCATTTCCTTGTTACCTTTCAGC,0
427,NC_000922.1,608391,608431,438,40,-,TTGTGAGTCCTGGAGACATTGTATGTTTATTTTCTAAAAG,0
428,NC_000922.1,936960,937000,439,40,-,AAGTCCACGAGCGGGGATAGAACAAAATCTTTTCCTCGAA,0
429,NC_000922.1,42331,42371,440,40,-,TATATGCGCTAATTGCATCTATTTTGTAGTATAGCGAAAT,0
430,NC_000922.1,1213963,1214003,441,40,-,GAGGATACGAATTATAAAATAGTAAGTTTAATTTATGGAT,0
431,NC_000922.1,70967,71007,442,40,+,CAACGTATCCGGTCATTATACGATGCAGTAACAGCTGAAA,0
432,NC_000922.1,884581,884621,443,40,-,TTTTGGAAATACAGAAAAGACTAGGTAAGGTGAAGCCATC,0
433,NC_000922.1,74657,74697,444,40,-,CCCTAAGATCCGCACCAGCGGCTCCTGGCGTAGTATATTC,0
434,NC_000922.1,1042637,1042677,445,40,-,CAAAAATTCTGTTTCAGGGGAAAGAAACCAGGCACGACAA,0
435,NC_000922.1,167314,167354,446,40,+,TTTTTTAGCAGTTTAAACATATAGGCAGAGGAGTTTTATA,0
436,NC_000922.1,547161,547201,447,40,+,AATTTGGATCAGCTGTTGTATGGTAACTGTGGCTTCTGCT,0
437,NC_000922.1,679659,679699,448,40,-,TAAAGATGTTGGCGTCATTGTAAATACAAAAACTTCTTTA,0
438,NC_000922.1,153316,153356,449,40,-,TCTCGAACAAGTTGACGCGCTTCTTCAAGAAATGCCCTGT,0
439,NC_000922.1,75554,75594,450,40,+,GTCGCCTCTTTGTTAGATGTTTCCGAACATACAGTTCTGC,0
440,NC_000922.1,1159466,1159506,451,40,-,CTTTTGGAAGAAGCTTCTTCCAATTCTTGGATATTTCTCT,0
441,NC_000922.1,807992,808032,452,40,+,CTGCGTTCCTCTGCAGACAAACCGACCTCCTCGTTGCAAC,0
442,NC_000922.1,1073875,1073915,453,40,-,AACTTTAGAAACGCAATTCTTCAAGGATCTTTGCTCACAC,0
443,NC_000922.1,342878,342918,454,40,-,ACGTGGATTCGATAGACGGTGTCATCAAAAACTTTGATCA,0
444,NC_000922.1,987805,987845,455,40,+,TCTTCAACAATACTAAGCATTTTTTCATAAGCAATATCAT,0
445,NC_000922.1,1082699,1082739,456,40,+,GACGCACCCTTGCTCGCTCCAAAATCGTAAGATAGTCGCA,0
446,NC_000922.1,157044,157084,457,40,+,AGTCGGAGAAAGCTTATTTCAGGATGCTAGTATAGATGAG,0
447,NC_000922.1,1148216,1148256,458,40,-,TCCAGAAATTGCAGAAAACCAAAGTATGGAATTCGTGACC,0
448,NC_000922.1,341003,341043,459,40,+,CCCACCTAAAGAAAAACTTTCTTATTACCAATGAATCCCC,0
449,NC_000922.1,1140720,1140760,460,40,+,GGGCATATTCGTCAGAGTCGCTCTAGTGTCATGCGCGCTA,0
450,NC_000922.1,650663,650703,461,40,-,AACGCAAAATTTTTGGTCAAAGGTAAGCAGCAAACTATCG,0
451,NC_000922.1,629060,629100,462,40,+,GGAATTATATTCATTTCCAGGCTTCCCACCTTTAATGGAG,0
452,NC_000922.1,653935,653975,463,40,+,TAGAGCTTGCTACTTGTATTACATGGTCGTCGTGTTCTCG,0
453,NC_000922.1,1204395,1204435,464,40,+,AGATTCTGGAGGCTCTGTAGAAGAGTTCCAGAGTTATAAG,0
454,NC_000922.1,923280,923320,465,40,+,CTGTGGCTTCTCAAGAAGTGTCTTCAAACACACGTAGCGC,0
455,NC_000922.1,66193,66233,466,40,-,ACTCACAAGGACTCAAACAAACTATTCCAGAAAAAAAGCC,0
456,NC_000922.1,1107967,1108007,467,40,+,AAGTGATATTAGATTTTTTTTTTAACAATTCTAGGCCTCT,0
457,NC_000922.1,483442,483482,468,40,+,GCATTTGCCGTGCCATCCGACGTTCTCGAACAGGGATCAA,0
458,NC_000922.1,618127,618167,469,40,+,ACCAAGGAATTAAATGGTGCGCAGCACTGGTCCTCATTTG,0
459,NC_000922.1,486452,486492,470,40,-,TCTGAACAAATCCTGATCCTATAGAGGAAATGTCTTGAGA,0
460,NC_000922.1,863048,863088,471,40,+,ACAAGCGGGAGAGACAGTTTTTGTTCTAAAATTTTTTGTA,0
461,NC_000922.1,797480,797520,472,40,-,TTAATAAAACGAACAGCCAACTTTTCTTAATCGGACATGT,0
462,NC_000922.1,651538,651578,473,40,+,AAGCGATGACGCCTCCAAATCTATAATATACGCTCATCAA,0
463,NC_000922.1,1107934,1107974,474,40,+,TATGGTTAGAAACAGAATAGATCGTAGGAGTTAAAGTGAT,0
464,NC_000922.1,424209,424249,475,40,-,TGCAATTTTAGGGTTTGAGTATGGCTATGCTCAACAGGCA,0
465,NC_000922.1,140932,140972,476,40,-,TTTTCTAACTTCAACTTCTGATAGATATCTTCGGCAAGAA,0
466,NC_000922.1,368959,368999,477,40,-,ATCTCTTAAAGATTTCCGTAAGCTTTTGCAATGGAATAAG,0
467,NC_000922.1,336267,336307,478,40,+,AAGACAACTTATCAGCAGCAATTAACAATACATGGTTATA,0
468,NC_000922.1,722515,722555,479,40,+,CAACTGTGCTCCATCGTGATGGACAAGAACTTCATGAGGA,0
469,NC_000922.1,892263,892303,480,40,+,CTTTTTTGAGTCCTGGAGATGAGGAGAGCTTAACCAGAGG,0
470,NC_000922.1,832111,832151,481,40,+,AAATCTCTCCATTTTTAGAGATCCCTGGCTACCTACCTAT,0
471,NC_000922.1,414837,414877,482,40,+,ACTGGGATCTTCTTCCGAGCTTAGCCGCTGTAGACCCATC,0
472,NC_000922.1,359480,359520,483,40,+,CTGTGGAGATTGTTAAGATAGCTCGTGAAGCTGGGTACCG,0
473,NC_000922.1,951159,951199,484,40,-,CACACGCTCTGCGTCTCCATACTTGCGTAATCGACACAAG,0
474,NC_000922.1,306658,306698,485,40,+,GCCAAAATTGGTGAAGATTAAGAGATAGTCTTTAGTAAAG,0
475,NC_000922.1,409646,409686,486,40,-,GTCTGGGAAGAAAGATGGTGTAAGGGGAATGATCTTTGTC,0
476,NC_000922.1,1201546,1201586,487,40,+,GATAGGGTTATCGTGCATTCCAATCTGAAGTAAATAATTG,0
477,NC_000922.1,731462,731502,488,40,+,ATTCCCAGGGTTTGTAAAAAATTGTTGAATACAATAAATC,0
478,NC_000922.1,879908,879948,489,40,-,CTTCTTGGGCTATAGACAGCCGTCATCTTGTCTTTAGTGC,0
479,NC_000922.1,757657,757697,490,40,+,CTTCATGCAAACGCAATTCAATAATTGCTAAAAGTCGACT,0
480,NC_000922.1,1007497,1007537,491,40,-,CTTCTTAGAAGAGAAAGTAGAGACATCGTATATAAGATAA,0
481,NC_000922.1,317563,317603,492,40,-,CCAGAAGCTTTCCAGGCTGCCATACAACAAGGAAGGCTTC,0
482,NC_000922.1,988619,988659,493,40,+,CCTCTTTATCCAAGGAGAGTACAGGTTCTAAAGAAATTTT,0
483,NC_000922.1,1214141,1214181,494,40,+,ATCAAGAAATCGAAGAGATGTTCGGAAGAGATCTCTCTCC,0
484,NC_000922.1,968293,968333,495,40,-,GCTCGGTTGTAGCGTCACGGTATTTATCAGATAATAATAA,0
485,NC_000922.1,296647,296687,496,40,+,ATTGGCGTGGGTTGTGGATTGATTATCCGCCACGGAGGGT,0
486,NC_000922.1,1227923,1227963,497,40,-,TCCAACAGCACCAATTTGCATGAAGGATATAATCTTTTTT,0
487,NC_000922.1,390642,390682,498,40,-,GTGATTTTAGCCAGTTATGTCAAGGAAAGTAGCCCTACGC,0
488,NC_000922.1,728708,728748,499,40,-,AATTTACGTTGATAAAAATGTAAAAGTAAAGAGTGTGAAC,0
489,NC_000922.1,663352,663392,500,40,-,TTCATTTATAAAGGAGAAGTCTGGAGCTGGGGTCGTTTTC,0
490,NC_000922.1,272050,272090,501,40,-,GATACACACATGGATCTTGCCTCCATGTTCTAGGAAACGT,0
491,NC_000922.1,183484,183524,502,40,-,CTTAGGTATATTAAGCAGTCTCAAAGTAATCAGTATTGCC,0
492,NC_000922.1,551790,551830,503,40,-,TCCTTCTCAACACTGATGATGAGTCTTTTGGAGGCTCAGG,0
493,NC_000922.1,887230,887270,504,40,+,ACTATTCATAGCTCTTCTCTATACTATTTTGGTCATTGCT,0
494,NC_000922.1,1067508,1067548,505,40,+,AATCTTAGGAAAGGAGGAGGTAGCCCGTGATCCTGTTACA,0
495,NC_000922.1,141191,141231,506,40,+,TGCTGAAGAGCTGAATGTGAAAAATGTGATTTTCTATGAA,0
496,NC_000922.1,1118649,1118689,507,40,-,TCCTTGAAGGCACTTCTATCCACCCTTGGCTAGTTCTTAA,0
497,NC_000922.1,710647,710687,508,40,-,ACCAAGGGCATCGATCTCTCGAACAATGTGCCCTTTGCCG,0
498,NC_000922.1,42208,42248,509,40,-,GCATAAGGACAATTGTGGACTCTACAACCAATAGCGACTC,0
499,NC_000922.1,775253,775293,510,40,-,GTGGTGTCAGATCCCTCCTCAATGCAATTTGAAAGGCGTT,0
500,NC_000922.1,463875,463915,511,40,+,CCATAACAACAGCGTCTCTATTTTGACGTACCATAGTGGC,0
501,NC_000922.1,319963,320003,512,40,-,TGCTCAGGGGAGTCATCTCTGAAATTAAGAATCTTTTTCT,0
502,NC_000922.1,965463,965503,513,40,-,CTGCATGCGTCTGTGCATCCACAGCAACTACAGAAGGTTC,0
503,NC_000922.1,153982,154022,514,40,-,ACCTCAGTACATAAGTACCAGGGAAGTGAAAGCCCCTGCA,0
504,NC_000922.1,155865,155905,515,40,-,CTGCTTATATCAAAATACCCAATAAAACGACTCCTATCCT,0
505,NC_000922.1,690884,690924,516,40,-,CCCTAGATTTGTATATCAGTATTTTGCTAACGGGGAAAAA,0
506,NC_000922.1,384066,384106,517,40,+,TCCTTAATTAAAAATTCTGATATTTCTGAAACTGCTGTTG,0
507,NC_000922.1,202590,202630,518,40,+,TATGGGGTTTTATCTTTTCGATTTCCTTCTTTACCATTAC,0
508,NC_000922.1,821462,821502,519,40,+,AGCAGCTACAATTGGATCAGCTCCAAAATAGGTTGCCATT,0
509,NC_000922.1,73244,73284,520,40,+,TGAAAGATTTTGGGGTACGATGGACAACTTTTTAAAAAAA,0
510,NC_000922.1,34778,34818,521,40,+,AATACAGTCACAAGGCGAATGTAGCTCAGAAACTGCATAG,0
511,NC_000922.1,337918,337958,522,40,+,GAGAAAATGCTTCAAATAAACATCCCTTACCCAAATTAAA,0
512,NC_000922.1,1065863,1065903,523,40,+,CTGGGATGCACACGCTTGTGGTTAGAGGAAGCACACCAAG,0
513,NC_000922.1,337794,337834,524,40,-,TTAACGCTAGAATAGATATTTGCAAGATAACTTTATTTCG,0
514,NC_000922.1,805190,805230,525,40,+,AAATGTATGATAATTTCATTCAGTCTATTTTAATTTCAAC,0
515,NC_000922.1,388999,389039,526,40,-,ATTTTTCAACTTTCTGCATGTCTTGTAGGAGCTTTTAAGG,0
516,NC_000922.1,559639,559679,527,40,-,GGGCTGTTTTGCTAGACTGTGTTCGCGGTACCGAAATCTC,0
517,NC_000922.1,1169391,1169431,528,40,-,GACAACAGTAATGTGTTCAGGAACTTCTCCAACAATACCA,0
518,NC_000922.1,148439,148479,529,40,+,AAGGAGTTGGTGGAATTGGATATGAGCCGTATGAAGAGGA,0
519,NC_000922.1,99063,99103,530,40,+,TCCGTCAAAATCTTTTAGGAAAACGTGTTGACTACTCTGG,0
