Var1,Var2,predict_label,ytest
"ECK125137046_fumDp6_reverse_1755209_Sigma24",aatatatcatcgctcaattgctacagttaaaataatttatcgcgttatttgtctgattttGtttgatttttgtttaattgg,1,0
"ECK125137366_insLp5_forward_2514322_Sigma28",ccggggataattcccataagcgctaacttaagggttgtggtattacgcctgatatgatttAacgtgccgatgaattactct,1,0
"ECK125137089_msrBp5_reverse_1862584_Sigma32",ctgactcgcctcactcttcctttgggcttgagaccacatggggtcggcgccccgaattttAaagggcaattacgataaaaa,1,0
"Escherichia coli K-12 reverse 3292866_3292947",CGCAGCGGGTTTACCCTCTGACCGTTTCTGTTACGAAGGCTTTTTACCTGCCAAATCAAAAGGCCGCCGTGATGCGCTAAA,-1,0
"Escherichia coli K-12 reverse 2846911_2846992",TGCTGCTTGGTCTGTGGGTTGCCGCACAGGTTGCCGGTTCCACCAACATCAGCAACATCACCGACACCGTTTATCACTGGC,-1,0
"ECK120010575_ptsHp5_forward_2533498_Sigma32",gcttcaaactttcgcccctcctggcattgattcagcctgtcggaactggtatttaaccagActaattattttgatgcgcga,1,0
"ECK120033642_elaBp_reverse_2381053_Sigma38",ttgggatggcacgcgaggtaattcaggcgtaatcaacaacccttgtctatagttagtgacAggttttacgcaaatggagaa,1,0
"ECK120034340_ravAp_reverse_3931128_Sigma38",aaataccccccctttgagactattttagccaccagcaagaaacgtctatactcgcaatttAcgcagaacttttgacgaaag,1,0
"ECK125241002_rpoEp4_reverse_2710230_Sigma38",ttactggctggtggaggattaggtggtgaaataaaaaggccgttgggttactcttcaggcAgttaaatgggcatttctaca,1,0
"ECK125136839_ychEp8_forward_1298452_Sigma38	",tttcgccattatagctaacagttaataaattgtagtatgatttggtggctacattagcatGttttgcacaactagataaca,1,0
"ECK125138058_bdcRp4_forward_4474096_Sigma70",acctgtaaaagcgcccataaggactccttgatttattatgtaacatgcattacaaaactgTtttaactttctgtcaacagg,1,0
"ECK125136793_croEp5_forward_1203006_Sigma70",acccttgtaccgttaaggtacaagtatcttgaaggttcatttcaatcatgtaatatgtacAccggaggtacatattgtatg,1,0
"Escherichia coli K-12 reverse 4206698_4206779",CAACCCAGGTTCAGGGTAAAGCCCTCTCTTATAACAACATCGCCGATACCGATGCGGCGCTGGAGTGCGTGAAAGAGTTCG,-1,0
"ECK125137251_dldp6_forward_2222152_Sigma70",ttgtctgaattttcaaaatattcactcgctgaattgttatacaaggcgctattctagtttGtgatattttttcgccaccac,1,0
"ECK120010223_fepDp1_reverse_622234_Sigma70	",tgccttgccatcaaatattttaaatacctattcttaggctgcacatgctaacatatccaaAtaagatcgataacgataatt,1,0
"ECK125257034_hemBp_reverse_389754_Sigma70",tgtcaacatcgcgacaactttcgtaaaacatccctaccctgcttcaggtatactatgcccCtcgattccacaaacatcagg,1,0
"ECK120010128_ilvYp_reverse_3957867_Sigma70,Sigma38",gtttgcgagattgaattcactatatgacaggaaatttattgcggaaattgatatattcacAacgtcacattgcaatttttg,1,0
"ECK120010012_impp2_reverse_57241_Sigma70",cgttttccggctgcggtcaattgtgggacatcgcctataatttgcattatcatacctgtcAttcaatgccgtgcctaacac,1,0
"Escherichia coli K-12 reverse 4517935_4518016",TGGACCTGTTTCGCCGAAACGCGCTGGAAAAAGCGTATCTGGAGATGCTGGCGCTTATGCCGGAGGGGGGAGCGCCTTCAC,-1,0
"ECK125257033_mdtJp_reverse_1673779_Sigma70",cgctcaggtaaagaagtgaaaatattttgagttaattcttaagctatgatacaaatcaggCgtgttcaactaccgaggaca,1,0
"ECK120010214_narXp_reverse_1277777_Sigma70",gtgagtacagtgacttcataaaaattatgagatttttcacggtgctgtaaaatccctaccCttaccgatgtaaagcgacta,1,0
"Escherichia coli K-12 reverse 1102832_1102913",CCGCGACATTGAAAACTGGCCTCATATCAACGGCGTTTTTTATTCCATGGAGGATCAAGAACGTGTTGTCAATGGGTTGCA,-1,0
"ECK125257029_ompNp_reverse_1437013_Sigma70",tatgtattatcttcgatacattcaccagacttattatcatttcagaggaattatttgattAaggttttacttaaggcgtaa,1,0
"ECK125136906_ompNp3_reverse_1437079_Sigma70",gacaataaaggcatataacccgcgcagaataacgtatagcaaattaaaagtataatttttAttttgtatgtattatcttcg,1,0
"ECK120049220_pepAp1_reverse_4486139_Sigma70",aactcgtcttttgcaggattttagcttgtttcatggcttaaacgtcatttattctcttgaGtcgtcgaaatcgtcgctaag,1,0
"ECK120010650_ribAp1_reverse_1339190_Sigma70	",cgtgaacgatcgacgcgtcgtgattaggtgaaccccttctcgttatggcaaaataagccaAtacagaaccagcattatctg,1,0
"ECK125240996_rpoEp1b_reverse_2710393_Sigma70",acacgtcacatgaatgttcagggagagtattcattttctttgtttaatttactaaacatgGtttggtcagcatagcatcat,1,0
"ECK125240999_rpoEp2b_reverse_2710339_Sigma70,Sigma54",aacatggtttggtcagcatagcatcatgttgtgcggataaacacctgctattttaatattTgttacagttgctaaacacgc,1,0
"ECK125241005_rpoEp5_reverse_2710165_Sigma70",aatgggcatttctacacagataatgcgatgttcagattctgtagacttataatgatagatAatgatccgtctacagcatga,1,0
"ECK125095435_rraBp1_forward_4478384_Sigma70",tggctaacgcctcaatgaattaaaattcaatttatatggatgattattcatttgcaagtcTaaagcataaatctttgtcac,1,0
"ECK125230255_sdsNp_forward_1996906_Sigma70",gcccctgagagtgagtatcatttataatgataattcaaactatcacataaataagatttaTatataatttatattattcag,1,0
"ECK125257031_serWp1_reverse_926043_Sigma70",agatatactgcacaacttgtttacagtatgagcaaacaataattatcattaaaattcttcTtgaccgttttactccaactc,1,0
"ECK120010605_serWp2_reverse_926006_Sigma70",aataattatcattaaaattcttcttgaccgttttactccaactccctatagtagcgccccGttgccacccatgaggtttgg,1,0
"ECK120030788_sgrSp_forward_77367_Sigma70,Sigma38",gaactcctgtgcaaaagacagcaattttattttccctatattaagtcaataattcctaacGatgaagcaagggggtgcccc,1,0
"ECK120010261_soxSp_reverse_4277423_Sigma70",taatttcttttccataaatcgctttacctcaagttaacttgaggaattatactccccaacAgatgaattaacgaactgaac,1,0
"ECK120030809_sraGp_forward_3311183_Sigma70",cggtgtgttggccgtactggaatttacgaacgatcggattaagcaatgtaatatcctttcTctttcttagacagtacctta,1,0
"ECK125136509_ushAp6_forward_504886_Sigma70",cagatttatcttcaccggacgcagacttgtctatgatgtcgcgtcatactatttttcaacAcgttgaaatcaggtcaggga,1,0
"ECK125136367_yacHp5_reverse_131466_Sigma70",gtaccgcaacgggcagaatagcaggattttgacgaggtgttaatctgtttacaaaaaagcAacataaaaaagtggctgaat,1,0
"ECK125136410_yafLp6_forward_246641_Sigma70",ttaataaacggatgtttttacataattaactgaaatatatatgttaattttataataatgGtttattaagtttgttcagaa,1,0
"ECK125136558_ybdLp3_forward_633557_Sigma70",tttatttagacatctaaacgtcttgattgccaaatactagcatcgtgttatagtgccttcAacacgcaacttcgtcaggta,1,0
"ECK125136587_ybeRp6_forward_676637_Sigma70",atattatatttttatgtgttccatttttgcgtaagccttattttatgcgtattatgtcgcGtcagaaaagtataaataaac,1,0
"ECK125136590_ybeUp4_forward_679462_Sigma70",ttcatgtgtgaatgcttcgattttctttttattttgaaagcgtcaagtttatactcatcaAtaataaaaaagtagtcagtt,1,0
"ECK125136856_yciNp11_reverse_1330790_Sigma70",gtcaagcaaatctattgccagattgacgaaagcgtcacactgtacctgataaaatccgatAcgcaactttattagcatgca,1,0
"ECK125136893_ydaSp2_forward_1420277_Sigma70",ggcctaagtctttaccactaagcattgcttaatattctcctatgcgcattacattaggcaAtccctacccttactgcatta,1,0
"ECK125136929_ydcJp11_forward_1495154_Sigma70",gtgtcgctgacaagtgaagttgtttgattatgataacttgattgcaaaatattattaacaAttaaagcaattatgttacag,1,0
"ECK125137002_ydfAp8_forward_1648438_Sigma70",gttagctatagcatacaaaatcacttgaccgatatgttagtcatggctaatcttgtttgcAtcaacacaccgcacggtgtt,1,0
"ECK125137097_yeaNp9_forward_1875648_Sigma70",ttagcgataatttgtcattttagcttgattcaacataacaataaaaacggtaaggtacagCctcgtttgtaacaatgagaa,1,0
"ECK125137229_yegJp8_forward_2151051_Sigma70",ttcgcgggtagttatattatatttcaatgaataataacaactaaccattaaaattatttcTatatggggaaaacccactca,1,0
"ECK125137264_yeiGp6_forward_2243888_Sigma70",atacggaagtgaaagttactcacagcacattgaataaacggtatgatgaagaaattgcaaAcaacacaacaaggagccacg,1,0
"ECK125137268_yeiHp7_forward_2249666_Sigma70",gggtgatgtgcatagtcgcttaccacttataaagattaattataaatatataatcaatttTatttttaaaccagttagtcg,1,0
"ECK125137374_yfeCp5_forward_2518334_Sigma70",ttccgcccgaatgtgtcaacggcaaattgcaacgtgtagtttcaatcgctgaaaaatcagGcaaatgaacaattttggaaa,1,0
"ECK125137603_ygiWp6_reverse_3169749_Sigma70",accgtatttgctgccagtaaaccgtgttgtaacgcgctctgtacagcactaaattttattTttttcccttaagaagttgtt,1,0
"ECK125203425_yhjRp_reverse_3696364_Sigma70",gaaagctaagaaataaacctaccattgaaattaaaacttatcagatttagcatgtgaatcAatttagaaggtcacaagacg,1,0
"ECK120010752_yiaKp_forward_3742674_Sigma70",tcttttgaaattcatcaatcagattgccttgttaaaaagtgatcgatatatttgaaatcaAgtttcgcatattgaaatttt,1,0
"ECK125137861_yiaUp8_forward_3751986_Sigma70",tttctccggtgcaagattcatatttatatagtaatatataaaattatatataattgggctGttgcgatgacaaaattacaa,1,0
"ECK125137904_yidBp3_reverse_3877615_Sigma70",cgctacgcttatcaggcctacgaaaatcttgcaatgtattgaattttcatgattttgtagGccggataaggcgttcacgcc,1,0
"ECK125137918_yifBp6_reverse_3950175_Sigma70",ttttatgatgcgtttaataatttcaatataaattgttgttttttaaaaataaaatagtgaGtgaaaaaaattcaatttcag,1,0
"ECK125095198_yjjZp_forward_4605777_Sigma70",cccgatagcaagggatttatctggcttgcaaatgataaaaattatcatatgatattggttAtcattatcaatgaaagagat,1,0
"ECK120022071_ysgAp_reverse_4016343_Sigma70",tcagaagaagcaaaaagacactttaccgaagggtttaacattttttcgtgatactcatcaCcatgacgcaaatgcgttgca,1,0
"Escherichia coli K-12 reverse 2027131_2027212",CGCCATCGATAAAAACCTCGATGGTGAGTATCAGCTCTATGACAGTAAGCTGAGATTTTTGACCTCTTCCAATCCTGACCA,-1,0
